run,dataset,subject,model,uncertainty_score,target_coverage,coverage,score_cutoff,selective_accuracy,selective_risk
smoke_deep_one_subject,BCI_IV_2a,1,v1_lda,max-prob,0.4,0.4027777777777778,0.61150547949061,0.8620689655172413,0.1379310344827586
smoke_deep_one_subject,BCI_IV_2a,1,v1_lda,max-prob,0.6,0.6006944444444444,0.5210926279241729,0.8439306358381503,0.1560693641618497
smoke_deep_one_subject,BCI_IV_2a,1,v1_lda,max-prob,0.8,0.8020833333333334,0.4632013624175634,0.8008658008658008,0.1991341991341991
smoke_deep_one_subject,BCI_IV_2a,1,eegnet_uncalibrated,max-prob,0.4,0.4027777777777778,0.5843652956428623,0.603448275862069,0.396551724137931
smoke_deep_one_subject,BCI_IV_2a,1,eegnet_uncalibrated,max-prob,0.6,0.6006944444444444,0.5297987394575304,0.5722543352601156,0.4277456647398844
smoke_deep_one_subject,BCI_IV_2a,1,eegnet_uncalibrated,max-prob,0.8,0.8020833333333334,0.4930494873975336,0.5714285714285714,0.4285714285714286
smoke_deep_one_subject,BCI_IV_2a,1,eegnet_calibrated,max-prob,0.4,0.4027777777777778,0.58959042641054,0.6120689655172413,0.3879310344827587
smoke_deep_one_subject,BCI_IV_2a,1,eegnet_calibrated,max-prob,0.6,0.6006944444444444,0.5344408807776432,0.5722543352601156,0.4277456647398844
smoke_deep_one_subject,BCI_IV_2a,1,eegnet_calibrated,max-prob,0.8,0.8020833333333334,0.4965081856619711,0.5757575757575758,0.4242424242424242
smoke_deep_one_subject,BCI_IV_2a,1,spatial_uncalibrated,max-prob,0.4,0.4027777777777778,0.8090886910497767,0.896551724137931,0.1034482758620689
smoke_deep_one_subject,BCI_IV_2a,1,spatial_uncalibrated,max-prob,0.6,0.6006944444444444,0.7098645160321977,0.8670520231213873,0.1329479768786127
smoke_deep_one_subject,BCI_IV_2a,1,spatial_uncalibrated,max-prob,0.8,0.8020833333333334,0.5862088735874477,0.8354978354978355,0.1645021645021644
smoke_deep_one_subject,BCI_IV_2a,1,spatial_calibrated,max-prob,0.4,0.4027777777777778,0.8703573785774744,0.896551724137931,0.1034482758620689
smoke_deep_one_subject,BCI_IV_2a,1,spatial_calibrated,max-prob,0.6,0.6006944444444444,0.758220598313273,0.8728323699421965,0.1271676300578035
smoke_deep_one_subject,BCI_IV_2a,1,spatial_calibrated,max-prob,0.8,0.8020833333333334,0.6318818594038426,0.8311688311688312,0.1688311688311687
smoke_deep_one_subject,BCI_IV_2a,1,deep_ensemble_validation_weighted,max-prob,0.4,0.4027777777777778,0.7702791114943718,0.8448275862068966,0.1551724137931034
smoke_deep_one_subject,BCI_IV_2a,1,deep_ensemble_validation_weighted,max-prob,0.6,0.6006944444444444,0.7001366009919897,0.8323699421965318,0.1676300578034681
smoke_deep_one_subject,BCI_IV_2a,1,deep_ensemble_validation_weighted,max-prob,0.8,0.8020833333333334,0.594200306097331,0.8181818181818182,0.1818181818181817
headline_bci_iv_2a/classical_lda,BCI_IV_2a,1,v1_lda,max-prob,0.4,0.4027777777777778,0.61150547949061,0.8620689655172413,0.1379310344827586
headline_bci_iv_2a/classical_lda,BCI_IV_2a,1,v1_lda,max-prob,0.6,0.6006944444444444,0.5210926279241729,0.8439306358381503,0.1560693641618497
headline_bci_iv_2a/classical_lda,BCI_IV_2a,1,v1_lda,max-prob,0.8,0.8020833333333334,0.4632013624175634,0.8008658008658008,0.1991341991341991
headline_bci_iv_2a/classical_lda,BCI_IV_2a,2,v1_lda,max-prob,0.4,0.4027777777777778,0.5561982782373482,0.4741379310344827,0.5258620689655172
headline_bci_iv_2a/classical_lda,BCI_IV_2a,2,v1_lda,max-prob,0.6,0.6006944444444444,0.5382465206701723,0.3468208092485549,0.653179190751445
headline_bci_iv_2a/classical_lda,BCI_IV_2a,2,v1_lda,max-prob,0.8,0.8020833333333334,0.5135028504637553,0.3073593073593073,0.6926406926406927
headline_bci_iv_2a/classical_lda,BCI_IV_2a,3,v1_lda,max-prob,0.4,0.4027777777777778,0.6537994318953156,0.9482758620689656,0.0517241379310344
headline_bci_iv_2a/classical_lda,BCI_IV_2a,3,v1_lda,max-prob,0.6,0.6006944444444444,0.5615467936432907,0.8901734104046243,0.1098265895953757
headline_bci_iv_2a/classical_lda,BCI_IV_2a,3,v1_lda,max-prob,0.8,0.8020833333333334,0.4792332809033641,0.8225108225108225,0.1774891774891774
headline_bci_iv_2a/classical_lda,BCI_IV_2a,4,v1_lda,max-prob,0.4,0.4027777777777778,0.3514676555859229,0.3706896551724138,0.6293103448275862
headline_bci_iv_2a/classical_lda,BCI_IV_2a,4,v1_lda,max-prob,0.6,0.6006944444444444,0.3431574607888604,0.3236994219653179,0.676300578034682
headline_bci_iv_2a/classical_lda,BCI_IV_2a,4,v1_lda,max-prob,0.8,0.8020833333333334,0.3380257261514243,0.2857142857142857,0.7142857142857143
headline_bci_iv_2a/classical_lda,BCI_IV_2a,5,v1_lda,max-prob,0.4,0.4027777777777778,0.4397382954156462,0.3448275862068966,0.6551724137931034
headline_bci_iv_2a/classical_lda,BCI_IV_2a,5,v1_lda,max-prob,0.6,0.6006944444444444,0.432667704011234,0.3121387283236994,0.6878612716763006
headline_bci_iv_2a/classical_lda,BCI_IV_2a,5,v1_lda,max-prob,0.8,0.8020833333333334,0.4260366703448168,0.2987012987012987,0.7012987012987013
headline_bci_iv_2a/classical_lda,BCI_IV_2a,6,v1_lda,max-prob,0.4,0.4027777777777778,0.5513657381852063,0.3620689655172414,0.6379310344827587
headline_bci_iv_2a/classical_lda,BCI_IV_2a,6,v1_lda,max-prob,0.6,0.6006944444444444,0.5319333922711972,0.3236994219653179,0.676300578034682
headline_bci_iv_2a/classical_lda,BCI_IV_2a,6,v1_lda,max-prob,0.8,0.8020833333333334,0.5128326484825559,0.29004329004329,0.7099567099567099
headline_bci_iv_2a/classical_lda,BCI_IV_2a,7,v1_lda,max-prob,0.4,0.4027777777777778,0.4152344472852049,0.6293103448275862,0.3706896551724138
headline_bci_iv_2a/classical_lda,BCI_IV_2a,7,v1_lda,max-prob,0.6,0.6006944444444444,0.386702828934135,0.5144508670520231,0.4855491329479768
headline_bci_iv_2a/classical_lda,BCI_IV_2a,7,v1_lda,max-prob,0.8,0.8020833333333334,0.36829728265363,0.4372294372294372,0.5627705627705628
headline_bci_iv_2a/classical_lda,BCI_IV_2a,8,v1_lda,max-prob,0.4,0.4027777777777778,0.4227871359962227,0.7672413793103449,0.2327586206896551
headline_bci_iv_2a/classical_lda,BCI_IV_2a,8,v1_lda,max-prob,0.6,0.6006944444444444,0.3921936341382556,0.7109826589595376,0.2890173410404624
headline_bci_iv_2a/classical_lda,BCI_IV_2a,8,v1_lda,max-prob,0.8,0.8020833333333334,0.3580032950871368,0.6796536796536796,0.3203463203463204
headline_bci_iv_2a/classical_lda,BCI_IV_2a,9,v1_lda,max-prob,0.4,0.4015151515151515,0.3767164475254669,0.4528301886792453,0.5471698113207547
headline_bci_iv_2a/classical_lda,BCI_IV_2a,9,v1_lda,max-prob,0.6,0.6022727272727273,0.3560661025498158,0.4528301886792453,0.5471698113207547
headline_bci_iv_2a/classical_lda,BCI_IV_2a,9,v1_lda,max-prob,0.8,0.803030303030303,0.3357471326901859,0.419811320754717,0.5801886792452831
smoke_lda_one_subject,BCI_IV_2a,1,v1_lda,max-prob,0.4,0.4027777777777778,0.6115054851370199,0.8620689655172413,0.1379310344827586
smoke_lda_one_subject,BCI_IV_2a,1,v1_lda,max-prob,0.6,0.6006944444444444,0.5210926359441823,0.8439306358381503,0.1560693641618497
smoke_lda_one_subject,BCI_IV_2a,1,v1_lda,max-prob,0.8,0.8020833333333334,0.4632013800394881,0.8008658008658008,0.1991341991341991
smoke_lda,BCI_IV_2a,1,v1_lda,max-prob,0.4,0.4027777777777778,0.6115054851370199,0.8620689655172413,0.1379310344827586
smoke_lda,BCI_IV_2a,1,v1_lda,max-prob,0.6,0.6006944444444444,0.5210926359441823,0.8439306358381503,0.1560693641618497
smoke_lda,BCI_IV_2a,1,v1_lda,max-prob,0.8,0.8020833333333334,0.4632013800394881,0.8008658008658008,0.1991341991341991
smoke_lda,BCI_IV_2a,2,v1_lda,max-prob,0.4,0.4027777777777778,0.5563305953738215,0.4741379310344827,0.5258620689655172
smoke_lda,BCI_IV_2a,2,v1_lda,max-prob,0.6,0.6006944444444444,0.5384421341504679,0.3468208092485549,0.653179190751445
smoke_lda,BCI_IV_2a,2,v1_lda,max-prob,0.8,0.8020833333333334,0.5136545545131977,0.3073593073593073,0.6926406926406927
smoke_lda,BCI_IV_2a,3,v1_lda,max-prob,0.4,0.4027777777777778,0.6537994288376746,0.9482758620689656,0.0517241379310344
smoke_lda,BCI_IV_2a,3,v1_lda,max-prob,0.6,0.6006944444444444,0.561546792123562,0.8901734104046243,0.1098265895953757
smoke_lda,BCI_IV_2a,3,v1_lda,max-prob,0.8,0.8020833333333334,0.4792332980054388,0.8225108225108225,0.1774891774891774
smoke_lda,BCI_IV_2a,4,v1_lda,max-prob,0.4,0.4027777777777778,0.3514718842877798,0.3706896551724138,0.6293103448275862
smoke_lda,BCI_IV_2a,4,v1_lda,max-prob,0.6,0.6006944444444444,0.3431588691591489,0.3236994219653179,0.676300578034682
smoke_lda,BCI_IV_2a,4,v1_lda,max-prob,0.8,0.8020833333333334,0.338029339397958,0.2857142857142857,0.7142857142857143
smoke_lda,BCI_IV_2a,5,v1_lda,max-prob,0.4,0.4027777777777778,0.4395669877192443,0.3448275862068966,0.6551724137931034
smoke_lda,BCI_IV_2a,5,v1_lda,max-prob,0.6,0.6006944444444444,0.432595368114175,0.3063583815028902,0.6936416184971098
smoke_lda,BCI_IV_2a,5,v1_lda,max-prob,0.8,0.8020833333333334,0.4260133457246174,0.2943722943722944,0.7056277056277056
smoke_lda,BCI_IV_2a,6,v1_lda,max-prob,0.4,0.4027777777777778,0.5513872127880214,0.3620689655172414,0.6379310344827587
smoke_lda,BCI_IV_2a,6,v1_lda,max-prob,0.6,0.6006944444444444,0.5319579924554659,0.3236994219653179,0.676300578034682
smoke_lda,BCI_IV_2a,6,v1_lda,max-prob,0.8,0.8020833333333334,0.5128472832573202,0.29004329004329,0.7099567099567099
smoke_lda,BCI_IV_2a,7,v1_lda,max-prob,0.4,0.4027777777777778,0.4152417117851616,0.6293103448275862,0.3706896551724138
smoke_lda,BCI_IV_2a,7,v1_lda,max-prob,0.6,0.6006944444444444,0.3867032795702469,0.5144508670520231,0.4855491329479768
smoke_lda,BCI_IV_2a,7,v1_lda,max-prob,0.8,0.8020833333333334,0.3682734530145199,0.4372294372294372,0.5627705627705628
smoke_lda,BCI_IV_2a,8,v1_lda,max-prob,0.4,0.4027777777777778,0.4227878760122182,0.7672413793103449,0.2327586206896551
smoke_lda,BCI_IV_2a,8,v1_lda,max-prob,0.6,0.6006944444444444,0.3922461392974185,0.7109826589595376,0.2890173410404624
smoke_lda,BCI_IV_2a,8,v1_lda,max-prob,0.8,0.8020833333333334,0.35796587380451,0.6796536796536796,0.3203463203463204
smoke_lda,BCI_IV_2a,9,v1_lda,max-prob,0.4,0.4015151515151515,0.3766893329846871,0.4528301886792453,0.5471698113207547
smoke_lda,BCI_IV_2a,9,v1_lda,max-prob,0.6,0.6022727272727273,0.3560445501612575,0.4528301886792453,0.5471698113207547
smoke_lda,BCI_IV_2a,9,v1_lda,max-prob,0.8,0.803030303030303,0.3357135227594,0.419811320754717,0.5801886792452831
smoke_lda_one_subject_2,BCI_IV_2a,1,v1_lda,max-prob,0.4,0.4027777777777778,0.6115054851370199,0.8620689655172413,0.1379310344827586
smoke_lda_one_subject_2,BCI_IV_2a,1,v1_lda,max-prob,0.6,0.6006944444444444,0.5210926359441823,0.8439306358381503,0.1560693641618497
smoke_lda_one_subject_2,BCI_IV_2a,1,v1_lda,max-prob,0.8,0.8020833333333334,0.4632013800394881,0.8008658008658008,0.1991341991341991
full_deep_bci_iv_2a_validation_postcal,BCI_IV_2a,1,v1_lda,max-prob,0.4,0.4027777777777778,0.61150547949061,0.8620689655172413,0.1379310344827586
full_deep_bci_iv_2a_validation_postcal,BCI_IV_2a,1,v1_lda,max-prob,0.6,0.6006944444444444,0.5210926279241729,0.8439306358381503,0.1560693641618497
full_deep_bci_iv_2a_validation_postcal,BCI_IV_2a,1,v1_lda,max-prob,0.8,0.8020833333333334,0.4632013624175634,0.8008658008658008,0.1991341991341991
full_deep_bci_iv_2a_validation_postcal,BCI_IV_2a,1,eegnet_uncalibrated,max-prob,0.4,0.4027777777777778,0.783468919424229,0.8706896551724138,0.1293103448275862
full_deep_bci_iv_2a_validation_postcal,BCI_IV_2a,1,eegnet_uncalibrated,max-prob,0.6,0.6006944444444444,0.6677939653216111,0.8728323699421965,0.1271676300578035
full_deep_bci_iv_2a_validation_postcal,BCI_IV_2a,1,eegnet_uncalibrated,max-prob,0.8,0.8020833333333334,0.5756930168354233,0.8095238095238095,0.1904761904761904
full_deep_bci_iv_2a_validation_postcal,BCI_IV_2a,1,eegnet_calibrated,max-prob,0.4,0.4027777777777778,0.8220209908739408,0.8706896551724138,0.1293103448275862
full_deep_bci_iv_2a_validation_postcal,BCI_IV_2a,1,eegnet_calibrated,max-prob,0.6,0.6006944444444444,0.6992124772834527,0.8670520231213873,0.1329479768786127
full_deep_bci_iv_2a_validation_postcal,BCI_IV_2a,1,eegnet_calibrated,max-prob,0.8,0.8020833333333334,0.5958000022691576,0.8095238095238095,0.1904761904761904
full_deep_bci_iv_2a_validation_postcal,BCI_IV_2a,1,spatial_uncalibrated,max-prob,0.4,0.4027777777777778,0.9757911287643536,0.9655172413793104,0.0344827586206896
full_deep_bci_iv_2a_validation_postcal,BCI_IV_2a,1,spatial_uncalibrated,max-prob,0.6,0.6006944444444444,0.912386377610157,0.9364161849710982,0.0635838150289017
full_deep_bci_iv_2a_validation_postcal,BCI_IV_2a,1,spatial_uncalibrated,max-prob,0.8,0.8020833333333334,0.7523759183964208,0.9004329004329005,0.0995670995670995
full_deep_bci_iv_2a_validation_postcal,BCI_IV_2a,1,spatial_calibrated,max-prob,0.4,0.4027777777777778,0.9700971496237056,0.9655172413793104,0.0344827586206896
full_deep_bci_iv_2a_validation_postcal,BCI_IV_2a,1,spatial_calibrated,max-prob,0.6,0.6006944444444444,0.900755895401784,0.9364161849710982,0.0635838150289017
full_deep_bci_iv_2a_validation_postcal,BCI_IV_2a,1,spatial_calibrated,max-prob,0.8,0.8020833333333334,0.7394773349705719,0.9004329004329005,0.0995670995670995
full_deep_bci_iv_2a_validation_postcal,BCI_IV_2a,1,deep_ensemble_validation_weighted,max-prob,0.4,0.4027777777777778,0.954132336748292,0.956896551724138,0.0431034482758621
full_deep_bci_iv_2a_validation_postcal,BCI_IV_2a,1,deep_ensemble_validation_weighted,max-prob,0.6,0.6006944444444444,0.8698711704156661,0.9479768786127168,0.0520231213872832
full_deep_bci_iv_2a_validation_postcal,BCI_IV_2a,1,deep_ensemble_validation_weighted,max-prob,0.8,0.8020833333333334,0.6792479237490004,0.9004329004329005,0.0995670995670995
full_deep_bci_iv_2a_validation_postcal,BCI_IV_2a,2,v1_lda,max-prob,0.4,0.4027777777777778,0.5561982782373482,0.4741379310344827,0.5258620689655172
full_deep_bci_iv_2a_validation_postcal,BCI_IV_2a,2,v1_lda,max-prob,0.6,0.6006944444444444,0.5382465206701723,0.3468208092485549,0.653179190751445
full_deep_bci_iv_2a_validation_postcal,BCI_IV_2a,2,v1_lda,max-prob,0.8,0.8020833333333334,0.5135028504637553,0.3073593073593073,0.6926406926406927
full_deep_bci_iv_2a_validation_postcal,BCI_IV_2a,2,eegnet_uncalibrated,max-prob,0.4,0.4027777777777778,0.5457843856208694,0.6293103448275862,0.3706896551724138
full_deep_bci_iv_2a_validation_postcal,BCI_IV_2a,2,eegnet_uncalibrated,max-prob,0.6,0.6006944444444444,0.4670031361452058,0.5664739884393064,0.4335260115606936
full_deep_bci_iv_2a_validation_postcal,BCI_IV_2a,2,eegnet_uncalibrated,max-prob,0.8,0.8020833333333334,0.4202023489077018,0.5021645021645021,0.4978354978354978
full_deep_bci_iv_2a_validation_postcal,BCI_IV_2a,2,eegnet_calibrated,max-prob,0.4,0.4027777777777778,0.4883425718443638,0.6293103448275862,0.3706896551724138
full_deep_bci_iv_2a_validation_postcal,BCI_IV_2a,2,eegnet_calibrated,max-prob,0.6,0.6006944444444444,0.4294013403185069,0.5722543352601156,0.4277456647398844
full_deep_bci_iv_2a_validation_postcal,BCI_IV_2a,2,eegnet_calibrated,max-prob,0.8,0.8020833333333334,0.389849135755264,0.5021645021645021,0.4978354978354978
full_deep_bci_iv_2a_validation_postcal,BCI_IV_2a,2,spatial_uncalibrated,max-prob,0.4,0.4027777777777778,0.8131999129311122,0.8189655172413793,0.1810344827586206
full_deep_bci_iv_2a_validation_postcal,BCI_IV_2a,2,spatial_uncalibrated,max-prob,0.6,0.6006944444444444,0.6606948459797098,0.7109826589595376,0.2890173410404624
full_deep_bci_iv_2a_validation_postcal,BCI_IV_2a,2,spatial_uncalibrated,max-prob,0.8,0.8020833333333334,0.5281677739906054,0.6493506493506493,0.3506493506493506
full_deep_bci_iv_2a_validation_postcal,BCI_IV_2a,2,spatial_calibrated,max-prob,0.4,0.4027777777777778,0.7190160640774043,0.8362068965517241,0.1637931034482759
full_deep_bci_iv_2a_validation_postcal,BCI_IV_2a,2,spatial_calibrated,max-prob,0.6,0.6006944444444444,0.5853580967579302,0.7109826589595376,0.2890173410404624
full_deep_bci_iv_2a_validation_postcal,BCI_IV_2a,2,spatial_calibrated,max-prob,0.8,0.8020833333333334,0.4745902928157692,0.658008658008658,0.3419913419913419
full_deep_bci_iv_2a_validation_postcal,BCI_IV_2a,2,deep_ensemble_validation_weighted,max-prob,0.4,0.4027777777777778,0.6739156963007996,0.8275862068965517,0.1724137931034483
full_deep_bci_iv_2a_validation_postcal,BCI_IV_2a,2,deep_ensemble_validation_weighted,max-prob,0.6,0.6006944444444444,0.5510319230642398,0.7167630057803468,0.2832369942196532
full_deep_bci_iv_2a_validation_postcal,BCI_IV_2a,2,deep_ensemble_validation_weighted,max-prob,0.8,0.8020833333333334,0.4606329573713413,0.6190476190476191,0.3809523809523809
full_deep_bci_iv_2a_validation_postcal,BCI_IV_2a,3,v1_lda,max-prob,0.4,0.4027777777777778,0.6537994318953156,0.9482758620689656,0.0517241379310344
full_deep_bci_iv_2a_validation_postcal,BCI_IV_2a,3,v1_lda,max-prob,0.6,0.6006944444444444,0.5615467936432907,0.8901734104046243,0.1098265895953757
full_deep_bci_iv_2a_validation_postcal,BCI_IV_2a,3,v1_lda,max-prob,0.8,0.8020833333333334,0.4792332809033641,0.8225108225108225,0.1774891774891774
full_deep_bci_iv_2a_validation_postcal,BCI_IV_2a,3,eegnet_uncalibrated,max-prob,0.4,0.4027777777777778,0.9247721330702456,0.9655172413793104,0.0344827586206896
full_deep_bci_iv_2a_validation_postcal,BCI_IV_2a,3,eegnet_uncalibrated,max-prob,0.6,0.6006944444444444,0.828836011101715,0.9190751445086706,0.0809248554913294
full_deep_bci_iv_2a_validation_postcal,BCI_IV_2a,3,eegnet_uncalibrated,max-prob,0.8,0.8020833333333334,0.6377471204451803,0.8571428571428571,0.1428571428571429
full_deep_bci_iv_2a_validation_postcal,BCI_IV_2a,3,eegnet_calibrated,max-prob,0.4,0.4027777777777778,0.8970268305027267,0.9655172413793104,0.0344827586206896
full_deep_bci_iv_2a_validation_postcal,BCI_IV_2a,3,eegnet_calibrated,max-prob,0.6,0.6006944444444444,0.7988454106930156,0.9190751445086706,0.0809248554913294
full_deep_bci_iv_2a_validation_postcal,BCI_IV_2a,3,eegnet_calibrated,max-prob,0.8,0.8020833333333334,0.6022541014457622,0.8571428571428571,0.1428571428571429
full_deep_bci_iv_2a_validation_postcal,BCI_IV_2a,3,spatial_uncalibrated,max-prob,0.4,0.4027777777777778,0.990339575882132,0.9655172413793104,0.0344827586206896
full_deep_bci_iv_2a_validation_postcal,BCI_IV_2a,3,spatial_uncalibrated,max-prob,0.6,0.6006944444444444,0.9665414038588908,0.9653179190751444,0.0346820809248554
full_deep_bci_iv_2a_validation_postcal,BCI_IV_2a,3,spatial_uncalibrated,max-prob,0.8,0.8020833333333334,0.8773299181388948,0.948051948051948,0.0519480519480519
full_deep_bci_iv_2a_validation_postcal,BCI_IV_2a,3,spatial_calibrated,max-prob,0.4,0.4027777777777778,0.9776404822051168,0.9655172413793104,0.0344827586206896
full_deep_bci_iv_2a_validation_postcal,BCI_IV_2a,3,spatial_calibrated,max-prob,0.6,0.6006944444444444,0.940056421899238,0.9710982658959536,0.0289017341040462
full_deep_bci_iv_2a_validation_postcal,BCI_IV_2a,3,spatial_calibrated,max-prob,0.8,0.8020833333333334,0.832582471503731,0.948051948051948,0.0519480519480519
full_deep_bci_iv_2a_validation_postcal,BCI_IV_2a,3,deep_ensemble_validation_weighted,max-prob,0.4,0.4027777777777778,0.9727785987181906,0.9913793103448276,0.0086206896551723
full_deep_bci_iv_2a_validation_postcal,BCI_IV_2a,3,deep_ensemble_validation_weighted,max-prob,0.6,0.6006944444444444,0.8997084421029011,0.976878612716763,0.0231213872832369
full_deep_bci_iv_2a_validation_postcal,BCI_IV_2a,3,deep_ensemble_validation_weighted,max-prob,0.8,0.8020833333333334,0.7730338109642857,0.9393939393939394,0.0606060606060605
full_deep_bci_iv_2a_validation_postcal,BCI_IV_2a,4,v1_lda,max-prob,0.4,0.4027777777777778,0.3514676555859229,0.3706896551724138,0.6293103448275862
full_deep_bci_iv_2a_validation_postcal,BCI_IV_2a,4,v1_lda,max-prob,0.6,0.6006944444444444,0.3431574607888604,0.3236994219653179,0.676300578034682
full_deep_bci_iv_2a_validation_postcal,BCI_IV_2a,4,v1_lda,max-prob,0.8,0.8020833333333334,0.3380257261514243,0.2857142857142857,0.7142857142857143
full_deep_bci_iv_2a_validation_postcal,BCI_IV_2a,4,eegnet_uncalibrated,max-prob,0.4,0.4027777777777778,0.5095059427184291,0.5517241379310345,0.4482758620689655
full_deep_bci_iv_2a_validation_postcal,BCI_IV_2a,4,eegnet_uncalibrated,max-prob,0.6,0.6006944444444444,0.4426982091986622,0.5317919075144508,0.4682080924855492
full_deep_bci_iv_2a_validation_postcal,BCI_IV_2a,4,eegnet_uncalibrated,max-prob,0.8,0.8020833333333334,0.3795498178101075,0.5108225108225108,0.4891774891774891
full_deep_bci_iv_2a_validation_postcal,BCI_IV_2a,4,eegnet_calibrated,max-prob,0.4,0.4027777777777778,0.4689992636296244,0.5603448275862069,0.4396551724137931
full_deep_bci_iv_2a_validation_postcal,BCI_IV_2a,4,eegnet_calibrated,max-prob,0.6,0.6006944444444444,0.415175492660626,0.5260115606936416,0.4739884393063583
full_deep_bci_iv_2a_validation_postcal,BCI_IV_2a,4,eegnet_calibrated,max-prob,0.8,0.8020833333333334,0.360108062074639,0.5064935064935064,0.4935064935064935
full_deep_bci_iv_2a_validation_postcal,BCI_IV_2a,4,spatial_uncalibrated,max-prob,0.4,0.4027777777777778,0.8127909433286394,0.7155172413793104,0.2844827586206896
full_deep_bci_iv_2a_validation_postcal,BCI_IV_2a,4,spatial_uncalibrated,max-prob,0.6,0.6006944444444444,0.6824617867002081,0.6647398843930635,0.3352601156069364
full_deep_bci_iv_2a_validation_postcal,BCI_IV_2a,4,spatial_uncalibrated,max-prob,0.8,0.8020833333333334,0.536185337998711,0.6147186147186147,0.3852813852813853
full_deep_bci_iv_2a_validation_postcal,BCI_IV_2a,4,spatial_calibrated,max-prob,0.4,0.4027777777777778,0.6392314020808656,0.7155172413793104,0.2844827586206896
full_deep_bci_iv_2a_validation_postcal,BCI_IV_2a,4,spatial_calibrated,max-prob,0.6,0.6006944444444444,0.5593506362700237,0.6473988439306358,0.3526011560693641
full_deep_bci_iv_2a_validation_postcal,BCI_IV_2a,4,spatial_calibrated,max-prob,0.8,0.8020833333333334,0.4536758744918845,0.6233766233766234,0.3766233766233766
full_deep_bci_iv_2a_validation_postcal,BCI_IV_2a,4,deep_ensemble_validation_weighted,max-prob,0.4,0.4027777777777778,0.6467580460206753,0.7068965517241379,0.2931034482758621
full_deep_bci_iv_2a_validation_postcal,BCI_IV_2a,4,deep_ensemble_validation_weighted,max-prob,0.6,0.6006944444444444,0.5548192278278159,0.6358381502890174,0.3641618497109826
full_deep_bci_iv_2a_validation_postcal,BCI_IV_2a,4,deep_ensemble_validation_weighted,max-prob,0.8,0.8020833333333334,0.4495947654504394,0.6233766233766234,0.3766233766233766
full_deep_bci_iv_2a_validation_postcal,BCI_IV_2a,5,v1_lda,max-prob,0.4,0.4027777777777778,0.4397382954156462,0.3448275862068966,0.6551724137931034
full_deep_bci_iv_2a_validation_postcal,BCI_IV_2a,5,v1_lda,max-prob,0.6,0.6006944444444444,0.432667704011234,0.3121387283236994,0.6878612716763006
full_deep_bci_iv_2a_validation_postcal,BCI_IV_2a,5,v1_lda,max-prob,0.8,0.8020833333333334,0.4260366703448168,0.2987012987012987,0.7012987012987013
full_deep_bci_iv_2a_validation_postcal,BCI_IV_2a,5,eegnet_uncalibrated,max-prob,0.4,0.4027777777777778,0.4314554867677352,0.4482758620689655,0.5517241379310345
full_deep_bci_iv_2a_validation_postcal,BCI_IV_2a,5,eegnet_uncalibrated,max-prob,0.6,0.6006944444444444,0.3779906159834763,0.4335260115606936,0.5664739884393064
full_deep_bci_iv_2a_validation_postcal,BCI_IV_2a,5,eegnet_uncalibrated,max-prob,0.8,0.8020833333333334,0.345105477074127,0.4199134199134199,0.5800865800865801
full_deep_bci_iv_2a_validation_postcal,BCI_IV_2a,5,eegnet_calibrated,max-prob,0.4,0.4027777777777778,0.4051742854843927,0.4482758620689655,0.5517241379310345
full_deep_bci_iv_2a_validation_postcal,BCI_IV_2a,5,eegnet_calibrated,max-prob,0.6,0.6006944444444444,0.3561460335585124,0.4393063583815029,0.5606936416184971
full_deep_bci_iv_2a_validation_postcal,BCI_IV_2a,5,eegnet_calibrated,max-prob,0.8,0.8020833333333334,0.3312644130767699,0.4199134199134199,0.5800865800865801
full_deep_bci_iv_2a_validation_postcal,BCI_IV_2a,5,spatial_uncalibrated,max-prob,0.4,0.4027777777777778,0.4265076253614003,0.5862068965517241,0.4137931034482759
full_deep_bci_iv_2a_validation_postcal,BCI_IV_2a,5,spatial_uncalibrated,max-prob,0.6,0.6006944444444444,0.3799596090525879,0.5144508670520231,0.4855491329479768
full_deep_bci_iv_2a_validation_postcal,BCI_IV_2a,5,spatial_uncalibrated,max-prob,0.8,0.8020833333333334,0.3238659025746447,0.4805194805194805,0.5194805194805194
full_deep_bci_iv_2a_validation_postcal,BCI_IV_2a,5,spatial_calibrated,max-prob,0.4,0.4027777777777778,0.3991890877464707,0.5775862068965517,0.4224137931034483
full_deep_bci_iv_2a_validation_postcal,BCI_IV_2a,5,spatial_calibrated,max-prob,0.6,0.6006944444444444,0.3583715014975469,0.5202312138728323,0.4797687861271676
full_deep_bci_iv_2a_validation_postcal,BCI_IV_2a,5,spatial_calibrated,max-prob,0.8,0.8020833333333334,0.3121308196039855,0.4805194805194805,0.5194805194805194
full_deep_bci_iv_2a_validation_postcal,BCI_IV_2a,5,deep_ensemble_validation_weighted,max-prob,0.4,0.4027777777777778,0.4063807526481981,0.5603448275862069,0.4396551724137931
full_deep_bci_iv_2a_validation_postcal,BCI_IV_2a,5,deep_ensemble_validation_weighted,max-prob,0.6,0.6006944444444444,0.3655425158700455,0.5433526011560693,0.4566473988439307
full_deep_bci_iv_2a_validation_postcal,BCI_IV_2a,5,deep_ensemble_validation_weighted,max-prob,0.8,0.8020833333333334,0.3259022199072588,0.4935064935064935,0.5064935064935066
full_deep_bci_iv_2a_validation_postcal,BCI_IV_2a,6,v1_lda,max-prob,0.4,0.4027777777777778,0.5513657381852063,0.3620689655172414,0.6379310344827587
full_deep_bci_iv_2a_validation_postcal,BCI_IV_2a,6,v1_lda,max-prob,0.6,0.6006944444444444,0.5319333922711972,0.3236994219653179,0.676300578034682
full_deep_bci_iv_2a_validation_postcal,BCI_IV_2a,6,v1_lda,max-prob,0.8,0.8020833333333334,0.5128326484825559,0.29004329004329,0.7099567099567099
full_deep_bci_iv_2a_validation_postcal,BCI_IV_2a,6,eegnet_uncalibrated,max-prob,0.4,0.4027777777777778,0.4015202046881297,0.3879310344827586,0.6120689655172413
full_deep_bci_iv_2a_validation_postcal,BCI_IV_2a,6,eegnet_uncalibrated,max-prob,0.6,0.6006944444444444,0.3573555374137593,0.3410404624277456,0.6589595375722543
full_deep_bci_iv_2a_validation_postcal,BCI_IV_2a,6,eegnet_uncalibrated,max-prob,0.8,0.8020833333333334,0.3167874769158003,0.329004329004329,0.670995670995671
full_deep_bci_iv_2a_validation_postcal,BCI_IV_2a,6,eegnet_calibrated,max-prob,0.4,0.4027777777777778,0.4503728820899998,0.3793103448275862,0.6206896551724138
full_deep_bci_iv_2a_validation_postcal,BCI_IV_2a,6,eegnet_calibrated,max-prob,0.6,0.6006944444444444,0.3898209881136923,0.3410404624277456,0.6589595375722543
full_deep_bci_iv_2a_validation_postcal,BCI_IV_2a,6,eegnet_calibrated,max-prob,0.8,0.8020833333333334,0.3384669334062151,0.329004329004329,0.670995670995671
full_deep_bci_iv_2a_validation_postcal,BCI_IV_2a,6,spatial_uncalibrated,max-prob,0.4,0.4027777777777778,0.6636956837316353,0.5086206896551724,0.4913793103448276
full_deep_bci_iv_2a_validation_postcal,BCI_IV_2a,6,spatial_uncalibrated,max-prob,0.6,0.6006944444444444,0.5613481641759782,0.4855491329479768,0.5144508670520231
full_deep_bci_iv_2a_validation_postcal,BCI_IV_2a,6,spatial_uncalibrated,max-prob,0.8,0.8020833333333334,0.4642345914499142,0.4588744588744589,0.5411255411255411
full_deep_bci_iv_2a_validation_postcal,BCI_IV_2a,6,spatial_calibrated,max-prob,0.4,0.4027777777777778,0.5391684108805705,0.5172413793103449,0.4827586206896551
full_deep_bci_iv_2a_validation_postcal,BCI_IV_2a,6,spatial_calibrated,max-prob,0.6,0.6006944444444444,0.471417499196827,0.4855491329479768,0.5144508670520231
full_deep_bci_iv_2a_validation_postcal,BCI_IV_2a,6,spatial_calibrated,max-prob,0.8,0.8020833333333334,0.4044234886821946,0.4545454545454545,0.5454545454545454
full_deep_bci_iv_2a_validation_postcal,BCI_IV_2a,6,deep_ensemble_validation_weighted,max-prob,0.4,0.4027777777777778,0.5221557195444189,0.5258620689655172,0.4741379310344827
full_deep_bci_iv_2a_validation_postcal,BCI_IV_2a,6,deep_ensemble_validation_weighted,max-prob,0.6,0.6006944444444444,0.4546883223690156,0.4971098265895953,0.5028901734104047
full_deep_bci_iv_2a_validation_postcal,BCI_IV_2a,6,deep_ensemble_validation_weighted,max-prob,0.8,0.8020833333333334,0.4034691714780993,0.4329004329004329,0.5670995670995671
full_deep_bci_iv_2a_validation_postcal,BCI_IV_2a,7,v1_lda,max-prob,0.4,0.4027777777777778,0.4152344472852049,0.6293103448275862,0.3706896551724138
full_deep_bci_iv_2a_validation_postcal,BCI_IV_2a,7,v1_lda,max-prob,0.6,0.6006944444444444,0.386702828934135,0.5144508670520231,0.4855491329479768
full_deep_bci_iv_2a_validation_postcal,BCI_IV_2a,7,v1_lda,max-prob,0.8,0.8020833333333334,0.36829728265363,0.4372294372294372,0.5627705627705628
full_deep_bci_iv_2a_validation_postcal,BCI_IV_2a,7,eegnet_uncalibrated,max-prob,0.4,0.4027777777777778,0.7708756305212712,0.7931034482758621,0.2068965517241379
full_deep_bci_iv_2a_validation_postcal,BCI_IV_2a,7,eegnet_uncalibrated,max-prob,0.6,0.6006944444444444,0.6599212937744554,0.7687861271676301,0.2312138728323699
full_deep_bci_iv_2a_validation_postcal,BCI_IV_2a,7,eegnet_uncalibrated,max-prob,0.8,0.8020833333333334,0.5559029587027311,0.7186147186147186,0.2813852813852814
full_deep_bci_iv_2a_validation_postcal,BCI_IV_2a,7,eegnet_calibrated,max-prob,0.4,0.4027777777777778,0.7496904042756368,0.7931034482758621,0.2068965517241379
full_deep_bci_iv_2a_validation_postcal,BCI_IV_2a,7,eegnet_calibrated,max-prob,0.6,0.6006944444444444,0.640978702801305,0.7745664739884393,0.2254335260115607
full_deep_bci_iv_2a_validation_postcal,BCI_IV_2a,7,eegnet_calibrated,max-prob,0.8,0.8020833333333334,0.5461579760443771,0.7186147186147186,0.2813852813852814
full_deep_bci_iv_2a_validation_postcal,BCI_IV_2a,7,spatial_uncalibrated,max-prob,0.4,0.4027777777777778,0.964986258511376,0.9827586206896552,0.0172413793103448
full_deep_bci_iv_2a_validation_postcal,BCI_IV_2a,7,spatial_uncalibrated,max-prob,0.6,0.6006944444444444,0.9186047780203048,0.930635838150289,0.0693641618497109
full_deep_bci_iv_2a_validation_postcal,BCI_IV_2a,7,spatial_uncalibrated,max-prob,0.8,0.8020833333333334,0.7971876009617185,0.8917748917748918,0.1082251082251082
full_deep_bci_iv_2a_validation_postcal,BCI_IV_2a,7,spatial_calibrated,max-prob,0.4,0.4027777777777778,0.964025394793964,0.9827586206896552,0.0172413793103448
full_deep_bci_iv_2a_validation_postcal,BCI_IV_2a,7,spatial_calibrated,max-prob,0.6,0.6006944444444444,0.9171932346345402,0.930635838150289,0.0693641618497109
full_deep_bci_iv_2a_validation_postcal,BCI_IV_2a,7,spatial_calibrated,max-prob,0.8,0.8020833333333334,0.7954541429742786,0.8917748917748918,0.1082251082251082
full_deep_bci_iv_2a_validation_postcal,BCI_IV_2a,7,deep_ensemble_validation_weighted,max-prob,0.4,0.4027777777777778,0.9165896272552196,0.896551724137931,0.1034482758620689
full_deep_bci_iv_2a_validation_postcal,BCI_IV_2a,7,deep_ensemble_validation_weighted,max-prob,0.6,0.6006944444444444,0.8579902295495222,0.8901734104046243,0.1098265895953757
full_deep_bci_iv_2a_validation_postcal,BCI_IV_2a,7,deep_ensemble_validation_weighted,max-prob,0.8,0.8020833333333334,0.7340757608130517,0.8701298701298701,0.1298701298701299
full_deep_bci_iv_2a_validation_postcal,BCI_IV_2a,8,v1_lda,max-prob,0.4,0.4027777777777778,0.4227871359962227,0.7672413793103449,0.2327586206896551
full_deep_bci_iv_2a_validation_postcal,BCI_IV_2a,8,v1_lda,max-prob,0.6,0.6006944444444444,0.3921936341382556,0.7109826589595376,0.2890173410404624
full_deep_bci_iv_2a_validation_postcal,BCI_IV_2a,8,v1_lda,max-prob,0.8,0.8020833333333334,0.3580032950871368,0.6796536796536796,0.3203463203463204
full_deep_bci_iv_2a_validation_postcal,BCI_IV_2a,8,eegnet_uncalibrated,max-prob,0.4,0.4027777777777778,0.8440126841832258,0.8706896551724138,0.1293103448275862
full_deep_bci_iv_2a_validation_postcal,BCI_IV_2a,8,eegnet_uncalibrated,max-prob,0.6,0.6006944444444444,0.6877201670582882,0.861271676300578,0.138728323699422
full_deep_bci_iv_2a_validation_postcal,BCI_IV_2a,8,eegnet_uncalibrated,max-prob,0.8,0.8020833333333334,0.5635577393289525,0.8181818181818182,0.1818181818181817
full_deep_bci_iv_2a_validation_postcal,BCI_IV_2a,8,eegnet_calibrated,max-prob,0.4,0.4027777777777778,0.8282515646596508,0.8706896551724138,0.1293103448275862
full_deep_bci_iv_2a_validation_postcal,BCI_IV_2a,8,eegnet_calibrated,max-prob,0.6,0.6006944444444444,0.6724751654101636,0.861271676300578,0.138728323699422
full_deep_bci_iv_2a_validation_postcal,BCI_IV_2a,8,eegnet_calibrated,max-prob,0.8,0.8020833333333334,0.5525360395981233,0.8181818181818182,0.1818181818181817
full_deep_bci_iv_2a_validation_postcal,BCI_IV_2a,8,spatial_uncalibrated,max-prob,0.4,0.4027777777777778,0.9852822017815216,0.9310344827586208,0.0689655172413793
full_deep_bci_iv_2a_validation_postcal,BCI_IV_2a,8,spatial_uncalibrated,max-prob,0.6,0.6006944444444444,0.931916629616883,0.930635838150289,0.0693641618497109
full_deep_bci_iv_2a_validation_postcal,BCI_IV_2a,8,spatial_uncalibrated,max-prob,0.8,0.8020833333333334,0.7538097777825455,0.8744588744588745,0.1255411255411255
full_deep_bci_iv_2a_validation_postcal,BCI_IV_2a,8,spatial_calibrated,max-prob,0.4,0.4027777777777778,0.9852814963222218,0.9310344827586208,0.0689655172413793
full_deep_bci_iv_2a_validation_postcal,BCI_IV_2a,8,spatial_calibrated,max-prob,0.6,0.6006944444444444,0.9319150335828692,0.930635838150289,0.0693641618497109
full_deep_bci_iv_2a_validation_postcal,BCI_IV_2a,8,spatial_calibrated,max-prob,0.8,0.8020833333333334,0.7538068139669866,0.8744588744588745,0.1255411255411255
full_deep_bci_iv_2a_validation_postcal,BCI_IV_2a,8,deep_ensemble_validation_weighted,max-prob,0.4,0.4027777777777778,0.9464773829618914,0.9482758620689656,0.0517241379310344
full_deep_bci_iv_2a_validation_postcal,BCI_IV_2a,8,deep_ensemble_validation_weighted,max-prob,0.6,0.6006944444444444,0.8650442466251718,0.9248554913294798,0.0751445086705202
full_deep_bci_iv_2a_validation_postcal,BCI_IV_2a,8,deep_ensemble_validation_weighted,max-prob,0.8,0.8020833333333334,0.7042611554732691,0.8961038961038961,0.1038961038961039
full_deep_bci_iv_2a_validation_postcal,BCI_IV_2a,9,v1_lda,max-prob,0.4,0.4015151515151515,0.3767164475254669,0.4528301886792453,0.5471698113207547
full_deep_bci_iv_2a_validation_postcal,BCI_IV_2a,9,v1_lda,max-prob,0.6,0.6022727272727273,0.3560661025498158,0.4528301886792453,0.5471698113207547
full_deep_bci_iv_2a_validation_postcal,BCI_IV_2a,9,v1_lda,max-prob,0.8,0.803030303030303,0.3357471326901859,0.419811320754717,0.5801886792452831
full_deep_bci_iv_2a_validation_postcal,BCI_IV_2a,9,eegnet_uncalibrated,max-prob,0.4,0.4015151515151515,0.902217111629759,0.9433962264150944,0.0566037735849056
full_deep_bci_iv_2a_validation_postcal,BCI_IV_2a,9,eegnet_uncalibrated,max-prob,0.6,0.6022727272727273,0.7818415288827913,0.8742138364779874,0.1257861635220125
full_deep_bci_iv_2a_validation_postcal,BCI_IV_2a,9,eegnet_uncalibrated,max-prob,0.8,0.803030303030303,0.610321979918341,0.8066037735849056,0.1933962264150943
full_deep_bci_iv_2a_validation_postcal,BCI_IV_2a,9,eegnet_calibrated,max-prob,0.4,0.4015151515151515,0.8775412465861614,0.9433962264150944,0.0566037735849056
full_deep_bci_iv_2a_validation_postcal,BCI_IV_2a,9,eegnet_calibrated,max-prob,0.6,0.6022727272727273,0.7503724219872742,0.8742138364779874,0.1257861635220125
full_deep_bci_iv_2a_validation_postcal,BCI_IV_2a,9,eegnet_calibrated,max-prob,0.8,0.803030303030303,0.5905848855571862,0.8066037735849056,0.1933962264150943
full_deep_bci_iv_2a_validation_postcal,BCI_IV_2a,9,spatial_uncalibrated,max-prob,0.4,0.4015151515151515,0.9840903786093426,0.9433962264150944,0.0566037735849056
full_deep_bci_iv_2a_validation_postcal,BCI_IV_2a,9,spatial_uncalibrated,max-prob,0.6,0.6022727272727273,0.940484340647472,0.8805031446540881,0.1194968553459119
full_deep_bci_iv_2a_validation_postcal,BCI_IV_2a,9,spatial_uncalibrated,max-prob,0.8,0.803030303030303,0.7664641776579156,0.8632075471698113,0.1367924528301887
full_deep_bci_iv_2a_validation_postcal,BCI_IV_2a,9,spatial_calibrated,max-prob,0.4,0.4015151515151515,0.9818119146940444,0.9433962264150944,0.0566037735849056
full_deep_bci_iv_2a_validation_postcal,BCI_IV_2a,9,spatial_calibrated,max-prob,0.6,0.6022727272727273,0.9350847818464924,0.8805031446540881,0.1194968553459119
full_deep_bci_iv_2a_validation_postcal,BCI_IV_2a,9,spatial_calibrated,max-prob,0.8,0.803030303030303,0.7596046382586046,0.8632075471698113,0.1367924528301887
full_deep_bci_iv_2a_validation_postcal,BCI_IV_2a,9,deep_ensemble_validation_weighted,max-prob,0.4,0.4015151515151515,0.9346936493567723,0.981132075471698,0.0188679245283018
full_deep_bci_iv_2a_validation_postcal,BCI_IV_2a,9,deep_ensemble_validation_weighted,max-prob,0.6,0.6022727272727273,0.8183870675316572,0.9119496855345912,0.0880503144654087
full_deep_bci_iv_2a_validation_postcal,BCI_IV_2a,9,deep_ensemble_validation_weighted,max-prob,0.8,0.803030303030303,0.6507737506373135,0.8632075471698113,0.1367924528301887
