run,bin,bin_lower,bin_upper,count,confidence,accuracy,gap,dataset,subject,decoder
smoke_deep_one_subject,0,0.0,0.1,0,,,,BCI_IV_2a,1,v1_lda
smoke_deep_one_subject,1,0.1,0.2,0,,,,BCI_IV_2a,1,v1_lda
smoke_deep_one_subject,2,0.2,0.3,2,0.2871863847572185,0.5,0.2128136152427814,BCI_IV_2a,1,v1_lda
smoke_deep_one_subject,3,0.3,0.4,19,0.3607535751011865,0.1578947368421052,0.2028588382590812,BCI_IV_2a,1,v1_lda
smoke_deep_one_subject,4,0.4,0.5,73,0.45831483695014,0.589041095890411,0.1307262589402709,BCI_IV_2a,1,v1_lda
smoke_deep_one_subject,5,0.5,0.6000000000000001,68,0.5453088416136427,0.7941176470588235,0.2488088054451808,BCI_IV_2a,1,v1_lda
smoke_deep_one_subject,6,0.6000000000000001,0.7000000000000001,74,0.6471425878516803,0.7567567567567568,0.1096141689050764,BCI_IV_2a,1,v1_lda
smoke_deep_one_subject,7,0.7000000000000001,0.8,36,0.7471398944568589,1.0,0.2528601055431411,BCI_IV_2a,1,v1_lda
smoke_deep_one_subject,8,0.8,0.9,16,0.826552051529585,1.0,0.173447948470415,BCI_IV_2a,1,v1_lda
smoke_deep_one_subject,9,0.9,1.0,0,,,,BCI_IV_2a,1,v1_lda
smoke_deep_one_subject,0,0.0,0.1,0,,,,BCI_IV_2a,1,eegnet_uncalibrated
smoke_deep_one_subject,1,0.1,0.2,0,,,,BCI_IV_2a,1,eegnet_uncalibrated
smoke_deep_one_subject,2,0.2,0.3,1,0.2856480055620435,1.0,0.7143519944379565,BCI_IV_2a,1,eegnet_uncalibrated
smoke_deep_one_subject,3,0.3,0.4,14,0.3660328313374785,0.4285714285714285,0.06253859723395,BCI_IV_2a,1,eegnet_uncalibrated
smoke_deep_one_subject,4,0.4,0.5,59,0.4664673135078568,0.4406779661016949,0.0257893474061619,BCI_IV_2a,1,eegnet_uncalibrated
smoke_deep_one_subject,5,0.5,0.6000000000000001,108,0.5430323675030593,0.5185185185185185,0.0245138489845407,BCI_IV_2a,1,eegnet_uncalibrated
smoke_deep_one_subject,6,0.6000000000000001,0.7000000000000001,43,0.64009094337978,0.6046511627906976,0.0354397805890823,BCI_IV_2a,1,eegnet_uncalibrated
smoke_deep_one_subject,7,0.7000000000000001,0.8,14,0.7693044137983412,0.5714285714285714,0.1978758423697698,BCI_IV_2a,1,eegnet_uncalibrated
smoke_deep_one_subject,8,0.8,0.9,30,0.8603044684951079,0.7333333333333333,0.1269711351617746,BCI_IV_2a,1,eegnet_uncalibrated
smoke_deep_one_subject,9,0.9,1.0,19,0.945518250993138,0.5789473684210527,0.3665708825720852,BCI_IV_2a,1,eegnet_uncalibrated
smoke_deep_one_subject,0,0.0,0.1,0,,,,BCI_IV_2a,1,eegnet_calibrated
smoke_deep_one_subject,1,0.1,0.2,0,,,,BCI_IV_2a,1,eegnet_calibrated
smoke_deep_one_subject,2,0.2,0.3,1,0.286641784282706,1.0,0.713358215717294,BCI_IV_2a,1,eegnet_calibrated
smoke_deep_one_subject,3,0.3,0.4,12,0.3635145362346916,0.4166666666666667,0.053152130431975,BCI_IV_2a,1,eegnet_calibrated
smoke_deep_one_subject,4,0.4,0.5,55,0.464136114773349,0.4363636363636363,0.0277724784097126,BCI_IV_2a,1,eegnet_calibrated
smoke_deep_one_subject,5,0.5,0.6000000000000001,111,0.5428724919331798,0.5225225225225225,0.0203499694106572,BCI_IV_2a,1,eegnet_calibrated
smoke_deep_one_subject,6,0.6000000000000001,0.7000000000000001,45,0.6426948151516114,0.5777777777777777,0.0649170373738337,BCI_IV_2a,1,eegnet_calibrated
smoke_deep_one_subject,7,0.7000000000000001,0.8,12,0.7640073111091082,0.6666666666666666,0.0973406444424416,BCI_IV_2a,1,eegnet_calibrated
smoke_deep_one_subject,8,0.8,0.9,29,0.8553917621837771,0.6896551724137931,0.1657365897699839,BCI_IV_2a,1,eegnet_calibrated
smoke_deep_one_subject,9,0.9,1.0,23,0.9414289099598908,0.6086956521739131,0.3327332577859777,BCI_IV_2a,1,eegnet_calibrated
smoke_deep_one_subject,0,0.0,0.1,0,,,,BCI_IV_2a,1,spatial_uncalibrated
smoke_deep_one_subject,1,0.1,0.2,0,,,,BCI_IV_2a,1,spatial_uncalibrated
smoke_deep_one_subject,2,0.2,0.3,0,,,,BCI_IV_2a,1,spatial_uncalibrated
smoke_deep_one_subject,3,0.3,0.4,2,0.3794891319759242,0.5,0.1205108680240757,BCI_IV_2a,1,spatial_uncalibrated
smoke_deep_one_subject,4,0.4,0.5,12,0.4729723195366965,0.6666666666666666,0.19369434712997,BCI_IV_2a,1,spatial_uncalibrated
smoke_deep_one_subject,5,0.5,0.6000000000000001,49,0.5548970368188505,0.5306122448979592,0.0242847919208912,BCI_IV_2a,1,spatial_uncalibrated
smoke_deep_one_subject,6,0.6000000000000001,0.7000000000000001,47,0.6572502331271107,0.723404255319149,0.0661540221920382,BCI_IV_2a,1,spatial_uncalibrated
smoke_deep_one_subject,7,0.7000000000000001,0.8,53,0.7519696730088701,0.7924528301886793,0.0404831571798092,BCI_IV_2a,1,spatial_uncalibrated
smoke_deep_one_subject,8,0.8,0.9,67,0.8512281860878114,0.8955223880597015,0.0442942019718901,BCI_IV_2a,1,spatial_uncalibrated
smoke_deep_one_subject,9,0.9,1.0,58,0.950874267572729,0.913793103448276,0.037081164124453,BCI_IV_2a,1,spatial_uncalibrated
smoke_deep_one_subject,0,0.0,0.1,0,,,,BCI_IV_2a,1,spatial_calibrated
smoke_deep_one_subject,1,0.1,0.2,0,,,,BCI_IV_2a,1,spatial_calibrated
smoke_deep_one_subject,2,0.2,0.3,0,,,,BCI_IV_2a,1,spatial_calibrated
smoke_deep_one_subject,3,0.3,0.4,1,0.3871845815952835,0.0,0.3871845815952835,BCI_IV_2a,1,spatial_calibrated
smoke_deep_one_subject,4,0.4,0.5,4,0.4455728255990662,0.5,0.0544271744009338,BCI_IV_2a,1,spatial_calibrated
smoke_deep_one_subject,5,0.5,0.6000000000000001,43,0.5510039296407493,0.5348837209302325,0.0161202087105167,BCI_IV_2a,1,spatial_calibrated
smoke_deep_one_subject,6,0.6000000000000001,0.7000000000000001,36,0.6498097899324901,0.7222222222222222,0.0724124322897321,BCI_IV_2a,1,spatial_calibrated
smoke_deep_one_subject,7,0.7000000000000001,0.8,49,0.7477014726424932,0.6938775510204082,0.053823921622085,BCI_IV_2a,1,spatial_calibrated
smoke_deep_one_subject,8,0.8,0.9,60,0.855413353015148,0.8833333333333333,0.0279199803181853,BCI_IV_2a,1,spatial_calibrated
smoke_deep_one_subject,9,0.9,1.0,95,0.9554552228363627,0.9052631578947368,0.0501920649416258,BCI_IV_2a,1,spatial_calibrated
smoke_deep_one_subject,0,0.0,0.1,0,,,,BCI_IV_2a,1,deep_ensemble_validation_weighted
smoke_deep_one_subject,1,0.1,0.2,0,,,,BCI_IV_2a,1,deep_ensemble_validation_weighted
smoke_deep_one_subject,2,0.2,0.3,0,,,,BCI_IV_2a,1,deep_ensemble_validation_weighted
smoke_deep_one_subject,3,0.3,0.4,4,0.3762088517935243,1.0,0.6237911482064756,BCI_IV_2a,1,deep_ensemble_validation_weighted
smoke_deep_one_subject,4,0.4,0.5,8,0.4566774904277023,0.375,0.0816774904277023,BCI_IV_2a,1,deep_ensemble_validation_weighted
smoke_deep_one_subject,5,0.5,0.6000000000000001,49,0.5562868024952686,0.4285714285714285,0.12771537392384,BCI_IV_2a,1,deep_ensemble_validation_weighted
smoke_deep_one_subject,6,0.6000000000000001,0.7000000000000001,54,0.6544540000686487,0.7962962962962963,0.1418422962276475,BCI_IV_2a,1,deep_ensemble_validation_weighted
smoke_deep_one_subject,7,0.7000000000000001,0.8,76,0.7511653707092248,0.8157894736842105,0.0646241029749856,BCI_IV_2a,1,deep_ensemble_validation_weighted
smoke_deep_one_subject,8,0.8,0.9,59,0.8444007127003745,0.847457627118644,0.0030569144182694,BCI_IV_2a,1,deep_ensemble_validation_weighted
smoke_deep_one_subject,9,0.9,1.0,38,0.9637595766566064,0.8421052631578947,0.1216543134987115,BCI_IV_2a,1,deep_ensemble_validation_weighted
headline_bci_iv_2a/classical_lda,0,0.0,0.1,0,,,,BCI_IV_2a,1,v1_lda
headline_bci_iv_2a/classical_lda,1,0.1,0.2,0,,,,BCI_IV_2a,1,v1_lda
headline_bci_iv_2a/classical_lda,2,0.2,0.3,2,0.2871863847572185,0.5,0.2128136152427814,BCI_IV_2a,1,v1_lda
headline_bci_iv_2a/classical_lda,3,0.3,0.4,19,0.3607535751011865,0.1578947368421052,0.2028588382590812,BCI_IV_2a,1,v1_lda
headline_bci_iv_2a/classical_lda,4,0.4,0.5,73,0.45831483695014,0.589041095890411,0.1307262589402709,BCI_IV_2a,1,v1_lda
headline_bci_iv_2a/classical_lda,5,0.5,0.6000000000000001,68,0.5453088416136427,0.7941176470588235,0.2488088054451808,BCI_IV_2a,1,v1_lda
headline_bci_iv_2a/classical_lda,6,0.6000000000000001,0.7000000000000001,74,0.6471425878516803,0.7567567567567568,0.1096141689050764,BCI_IV_2a,1,v1_lda
headline_bci_iv_2a/classical_lda,7,0.7000000000000001,0.8,36,0.7471398944568589,1.0,0.2528601055431411,BCI_IV_2a,1,v1_lda
headline_bci_iv_2a/classical_lda,8,0.8,0.9,16,0.826552051529585,1.0,0.173447948470415,BCI_IV_2a,1,v1_lda
headline_bci_iv_2a/classical_lda,9,0.9,1.0,0,,,,BCI_IV_2a,1,v1_lda
headline_bci_iv_2a/classical_lda,0,0.0,0.1,0,,,,BCI_IV_2a,2,v1_lda
headline_bci_iv_2a/classical_lda,1,0.1,0.2,0,,,,BCI_IV_2a,2,v1_lda
headline_bci_iv_2a/classical_lda,2,0.2,0.3,0,,,,BCI_IV_2a,2,v1_lda
headline_bci_iv_2a/classical_lda,3,0.3,0.4,0,,,,BCI_IV_2a,2,v1_lda
headline_bci_iv_2a/classical_lda,4,0.4,0.5,33,0.4789041293670198,0.0,0.4789041293670198,BCI_IV_2a,2,v1_lda
headline_bci_iv_2a/classical_lda,5,0.5,0.6000000000000001,242,0.550434959180205,0.2479338842975206,0.3025010748826843,BCI_IV_2a,2,v1_lda
headline_bci_iv_2a/classical_lda,6,0.6000000000000001,0.7000000000000001,13,0.6113327010044786,0.9230769230769232,0.3117442220724445,BCI_IV_2a,2,v1_lda
headline_bci_iv_2a/classical_lda,7,0.7000000000000001,0.8,0,,,,BCI_IV_2a,2,v1_lda
headline_bci_iv_2a/classical_lda,8,0.8,0.9,0,,,,BCI_IV_2a,2,v1_lda
headline_bci_iv_2a/classical_lda,9,0.9,1.0,0,,,,BCI_IV_2a,2,v1_lda
headline_bci_iv_2a/classical_lda,0,0.0,0.1,0,,,,BCI_IV_2a,3,v1_lda
headline_bci_iv_2a/classical_lda,1,0.1,0.2,0,,,,BCI_IV_2a,3,v1_lda
headline_bci_iv_2a/classical_lda,2,0.2,0.3,1,0.2984318768006686,0.0,0.2984318768006686,BCI_IV_2a,3,v1_lda
headline_bci_iv_2a/classical_lda,3,0.3,0.4,17,0.3695219900555303,0.5882352941176471,0.2187133040621167,BCI_IV_2a,3,v1_lda
headline_bci_iv_2a/classical_lda,4,0.4,0.5,55,0.4574671452843117,0.5636363636363636,0.1061692183520519,BCI_IV_2a,3,v1_lda
headline_bci_iv_2a/classical_lda,5,0.5,0.6000000000000001,69,0.5495139256040051,0.6666666666666666,0.1171527410626614,BCI_IV_2a,3,v1_lda
headline_bci_iv_2a/classical_lda,6,0.6000000000000001,0.7000000000000001,67,0.6529020573384259,0.835820895522388,0.1829188381839621,BCI_IV_2a,3,v1_lda
headline_bci_iv_2a/classical_lda,7,0.7000000000000001,0.8,57,0.7526208053713611,0.9649122807017544,0.2122914753303932,BCI_IV_2a,3,v1_lda
headline_bci_iv_2a/classical_lda,8,0.8,0.9,22,0.8397945596734858,1.0,0.1602054403265141,BCI_IV_2a,3,v1_lda
headline_bci_iv_2a/classical_lda,9,0.9,1.0,0,,,,BCI_IV_2a,3,v1_lda
headline_bci_iv_2a/classical_lda,0,0.0,0.1,0,,,,BCI_IV_2a,4,v1_lda
headline_bci_iv_2a/classical_lda,1,0.1,0.2,0,,,,BCI_IV_2a,4,v1_lda
headline_bci_iv_2a/classical_lda,2,0.2,0.3,0,,,,BCI_IV_2a,4,v1_lda
headline_bci_iv_2a/classical_lda,3,0.3,0.4,274,0.3506675204746813,0.2372262773722627,0.1134412431024186,BCI_IV_2a,4,v1_lda
headline_bci_iv_2a/classical_lda,4,0.4,0.5,14,0.4323591679076282,0.5,0.0676408320923718,BCI_IV_2a,4,v1_lda
headline_bci_iv_2a/classical_lda,5,0.5,0.6000000000000001,0,,,,BCI_IV_2a,4,v1_lda
headline_bci_iv_2a/classical_lda,6,0.6000000000000001,0.7000000000000001,0,,,,BCI_IV_2a,4,v1_lda
headline_bci_iv_2a/classical_lda,7,0.7000000000000001,0.8,0,,,,BCI_IV_2a,4,v1_lda
headline_bci_iv_2a/classical_lda,8,0.8,0.9,0,,,,BCI_IV_2a,4,v1_lda
headline_bci_iv_2a/classical_lda,9,0.9,1.0,0,,,,BCI_IV_2a,4,v1_lda
headline_bci_iv_2a/classical_lda,0,0.0,0.1,0,,,,BCI_IV_2a,5,v1_lda
headline_bci_iv_2a/classical_lda,1,0.1,0.2,0,,,,BCI_IV_2a,5,v1_lda
headline_bci_iv_2a/classical_lda,2,0.2,0.3,0,,,,BCI_IV_2a,5,v1_lda
headline_bci_iv_2a/classical_lda,3,0.3,0.4,1,0.3990797563062235,0.0,0.3990797563062235,BCI_IV_2a,5,v1_lda
headline_bci_iv_2a/classical_lda,4,0.4,0.5,287,0.4377701691593406,0.3066202090592334,0.1311499601001071,BCI_IV_2a,5,v1_lda
headline_bci_iv_2a/classical_lda,5,0.5,0.6000000000000001,0,,,,BCI_IV_2a,5,v1_lda
headline_bci_iv_2a/classical_lda,6,0.6000000000000001,0.7000000000000001,0,,,,BCI_IV_2a,5,v1_lda
headline_bci_iv_2a/classical_lda,7,0.7000000000000001,0.8,0,,,,BCI_IV_2a,5,v1_lda
headline_bci_iv_2a/classical_lda,8,0.8,0.9,0,,,,BCI_IV_2a,5,v1_lda
headline_bci_iv_2a/classical_lda,9,0.9,1.0,0,,,,BCI_IV_2a,5,v1_lda
headline_bci_iv_2a/classical_lda,0,0.0,0.1,0,,,,BCI_IV_2a,6,v1_lda
headline_bci_iv_2a/classical_lda,1,0.1,0.2,0,,,,BCI_IV_2a,6,v1_lda
headline_bci_iv_2a/classical_lda,2,0.2,0.3,0,,,,BCI_IV_2a,6,v1_lda
headline_bci_iv_2a/classical_lda,3,0.3,0.4,0,,,,BCI_IV_2a,6,v1_lda
headline_bci_iv_2a/classical_lda,4,0.4,0.5,34,0.4866247816137322,0.0294117647058823,0.4572130169078498,BCI_IV_2a,6,v1_lda
headline_bci_iv_2a/classical_lda,5,0.5,0.6000000000000001,238,0.5453393974514796,0.2731092436974789,0.2722301537540006,BCI_IV_2a,6,v1_lda
headline_bci_iv_2a/classical_lda,6,0.6000000000000001,0.7000000000000001,16,0.6121262464400267,0.375,0.2371262464400266,BCI_IV_2a,6,v1_lda
headline_bci_iv_2a/classical_lda,7,0.7000000000000001,0.8,0,,,,BCI_IV_2a,6,v1_lda
headline_bci_iv_2a/classical_lda,8,0.8,0.9,0,,,,BCI_IV_2a,6,v1_lda
headline_bci_iv_2a/classical_lda,9,0.9,1.0,0,,,,BCI_IV_2a,6,v1_lda
headline_bci_iv_2a/classical_lda,0,0.0,0.1,0,,,,BCI_IV_2a,7,v1_lda
headline_bci_iv_2a/classical_lda,1,0.1,0.2,0,,,,BCI_IV_2a,7,v1_lda
headline_bci_iv_2a/classical_lda,2,0.2,0.3,0,,,,BCI_IV_2a,7,v1_lda
headline_bci_iv_2a/classical_lda,3,0.3,0.4,152,0.3731497289012611,0.1842105263157894,0.1889392025854716,BCI_IV_2a,7,v1_lda
headline_bci_iv_2a/classical_lda,4,0.4,0.5,105,0.4419775981955129,0.4666666666666667,0.0246890684711537,BCI_IV_2a,7,v1_lda
headline_bci_iv_2a/classical_lda,5,0.5,0.6000000000000001,31,0.534319266933413,0.967741935483871,0.4334226685504579,BCI_IV_2a,7,v1_lda
headline_bci_iv_2a/classical_lda,6,0.6000000000000001,0.7000000000000001,0,,,,BCI_IV_2a,7,v1_lda
headline_bci_iv_2a/classical_lda,7,0.7000000000000001,0.8,0,,,,BCI_IV_2a,7,v1_lda
headline_bci_iv_2a/classical_lda,8,0.8,0.9,0,,,,BCI_IV_2a,7,v1_lda
headline_bci_iv_2a/classical_lda,9,0.9,1.0,0,,,,BCI_IV_2a,7,v1_lda
headline_bci_iv_2a/classical_lda,0,0.0,0.1,0,,,,BCI_IV_2a,8,v1_lda
headline_bci_iv_2a/classical_lda,1,0.1,0.2,0,,,,BCI_IV_2a,8,v1_lda
headline_bci_iv_2a/classical_lda,2,0.2,0.3,11,0.2904931118396485,0.2727272727272727,0.0177658391123757,BCI_IV_2a,8,v1_lda
headline_bci_iv_2a/classical_lda,3,0.3,0.4,118,0.3607427462101082,0.5169491525423728,0.1562064063322645,BCI_IV_2a,8,v1_lda
headline_bci_iv_2a/classical_lda,4,0.4,0.5,122,0.4377435878205067,0.6885245901639344,0.2507810023434277,BCI_IV_2a,8,v1_lda
headline_bci_iv_2a/classical_lda,5,0.5,0.6000000000000001,24,0.5486773659208802,0.75,0.2013226340791197,BCI_IV_2a,8,v1_lda
headline_bci_iv_2a/classical_lda,6,0.6000000000000001,0.7000000000000001,12,0.6291136340208366,0.8333333333333334,0.2042196993124967,BCI_IV_2a,8,v1_lda
headline_bci_iv_2a/classical_lda,7,0.7000000000000001,0.8,1,0.7328351015531653,1.0,0.2671648984468346,BCI_IV_2a,8,v1_lda
headline_bci_iv_2a/classical_lda,8,0.8,0.9,0,,,,BCI_IV_2a,8,v1_lda
headline_bci_iv_2a/classical_lda,9,0.9,1.0,0,,,,BCI_IV_2a,8,v1_lda
headline_bci_iv_2a/classical_lda,0,0.0,0.1,0,,,,BCI_IV_2a,9,v1_lda
headline_bci_iv_2a/classical_lda,1,0.1,0.2,0,,,,BCI_IV_2a,9,v1_lda
headline_bci_iv_2a/classical_lda,2,0.2,0.3,0,,,,BCI_IV_2a,9,v1_lda
headline_bci_iv_2a/classical_lda,3,0.3,0.4,214,0.3558180164743357,0.3411214953271028,0.0146965211472329,BCI_IV_2a,9,v1_lda
headline_bci_iv_2a/classical_lda,4,0.4,0.5,50,0.422960185901257,0.56,0.137039814098743,BCI_IV_2a,9,v1_lda
headline_bci_iv_2a/classical_lda,5,0.5,0.6000000000000001,0,,,,BCI_IV_2a,9,v1_lda
headline_bci_iv_2a/classical_lda,6,0.6000000000000001,0.7000000000000001,0,,,,BCI_IV_2a,9,v1_lda
headline_bci_iv_2a/classical_lda,7,0.7000000000000001,0.8,0,,,,BCI_IV_2a,9,v1_lda
headline_bci_iv_2a/classical_lda,8,0.8,0.9,0,,,,BCI_IV_2a,9,v1_lda
headline_bci_iv_2a/classical_lda,9,0.9,1.0,0,,,,BCI_IV_2a,9,v1_lda
smoke_lda_one_subject,0,0.0,0.1,0,,,,BCI_IV_2a,1,v1_lda
smoke_lda_one_subject,1,0.1,0.2,0,,,,BCI_IV_2a,1,v1_lda
smoke_lda_one_subject,2,0.2,0.3,2,0.2871863842190385,0.5,0.2128136157809614,BCI_IV_2a,1,v1_lda
smoke_lda_one_subject,3,0.3,0.4,19,0.3607535762654236,0.1578947368421052,0.2028588394233184,BCI_IV_2a,1,v1_lda
smoke_lda_one_subject,4,0.4,0.5,73,0.4583148373589893,0.589041095890411,0.1307262585314216,BCI_IV_2a,1,v1_lda
smoke_lda_one_subject,5,0.5,0.6000000000000001,68,0.5453088400165287,0.7941176470588235,0.2488088070422948,BCI_IV_2a,1,v1_lda
smoke_lda_one_subject,6,0.6000000000000001,0.7000000000000001,74,0.6471425872320908,0.7567567567567568,0.1096141695246659,BCI_IV_2a,1,v1_lda
smoke_lda_one_subject,7,0.7000000000000001,0.8,36,0.7471398936820967,1.0,0.2528601063179033,BCI_IV_2a,1,v1_lda
smoke_lda_one_subject,8,0.8,0.9,16,0.8265520491866143,1.0,0.1734479508133857,BCI_IV_2a,1,v1_lda
smoke_lda_one_subject,9,0.9,1.0,0,,,,BCI_IV_2a,1,v1_lda
smoke_lda,0,0.0,0.1,0,,,,BCI_IV_2a,1,v1_lda
smoke_lda,1,0.1,0.2,0,,,,BCI_IV_2a,1,v1_lda
smoke_lda,2,0.2,0.3,2,0.2871863842190385,0.5,0.2128136157809614,BCI_IV_2a,1,v1_lda
smoke_lda,3,0.3,0.4,19,0.3607535762654236,0.1578947368421052,0.2028588394233184,BCI_IV_2a,1,v1_lda
smoke_lda,4,0.4,0.5,73,0.4583148373589893,0.589041095890411,0.1307262585314216,BCI_IV_2a,1,v1_lda
smoke_lda,5,0.5,0.6000000000000001,68,0.5453088400165287,0.7941176470588235,0.2488088070422948,BCI_IV_2a,1,v1_lda
smoke_lda,6,0.6000000000000001,0.7000000000000001,74,0.6471425872320908,0.7567567567567568,0.1096141695246659,BCI_IV_2a,1,v1_lda
smoke_lda,7,0.7000000000000001,0.8,36,0.7471398936820967,1.0,0.2528601063179033,BCI_IV_2a,1,v1_lda
smoke_lda,8,0.8,0.9,16,0.8265520491866143,1.0,0.1734479508133857,BCI_IV_2a,1,v1_lda
smoke_lda,9,0.9,1.0,0,,,,BCI_IV_2a,1,v1_lda
smoke_lda,0,0.0,0.1,0,,,,BCI_IV_2a,2,v1_lda
smoke_lda,1,0.1,0.2,0,,,,BCI_IV_2a,2,v1_lda
smoke_lda,2,0.2,0.3,0,,,,BCI_IV_2a,2,v1_lda
smoke_lda,3,0.3,0.4,0,,,,BCI_IV_2a,2,v1_lda
smoke_lda,4,0.4,0.5,33,0.4790733710340188,0.0,0.4790733710340188,BCI_IV_2a,2,v1_lda
smoke_lda,5,0.5,0.6000000000000001,242,0.5505770493161444,0.2479338842975206,0.3026431650186237,BCI_IV_2a,2,v1_lda
smoke_lda,6,0.6000000000000001,0.7000000000000001,13,0.6114223100705851,0.9230769230769232,0.311654613006338,BCI_IV_2a,2,v1_lda
smoke_lda,7,0.7000000000000001,0.8,0,,,,BCI_IV_2a,2,v1_lda
smoke_lda,8,0.8,0.9,0,,,,BCI_IV_2a,2,v1_lda
smoke_lda,9,0.9,1.0,0,,,,BCI_IV_2a,2,v1_lda
smoke_lda,0,0.0,0.1,0,,,,BCI_IV_2a,3,v1_lda
smoke_lda,1,0.1,0.2,0,,,,BCI_IV_2a,3,v1_lda
smoke_lda,2,0.2,0.3,1,0.2984318420779279,0.0,0.2984318420779279,BCI_IV_2a,3,v1_lda
smoke_lda,3,0.3,0.4,17,0.3695219896979247,0.5882352941176471,0.2187133044197223,BCI_IV_2a,3,v1_lda
smoke_lda,4,0.4,0.5,55,0.4574671450240563,0.5636363636363636,0.1061692186123072,BCI_IV_2a,3,v1_lda
smoke_lda,5,0.5,0.6000000000000001,69,0.5495139247615147,0.6666666666666666,0.1171527419051519,BCI_IV_2a,3,v1_lda
smoke_lda,6,0.6000000000000001,0.7000000000000001,67,0.6529020571712258,0.835820895522388,0.1829188383511621,BCI_IV_2a,3,v1_lda
smoke_lda,7,0.7000000000000001,0.8,57,0.7526208071718886,0.9649122807017544,0.2122914735298657,BCI_IV_2a,3,v1_lda
smoke_lda,8,0.8,0.9,22,0.8397945592874642,1.0,0.1602054407125358,BCI_IV_2a,3,v1_lda
smoke_lda,9,0.9,1.0,0,,,,BCI_IV_2a,3,v1_lda
smoke_lda,0,0.0,0.1,0,,,,BCI_IV_2a,4,v1_lda
smoke_lda,1,0.1,0.2,0,,,,BCI_IV_2a,4,v1_lda
smoke_lda,2,0.2,0.3,0,,,,BCI_IV_2a,4,v1_lda
smoke_lda,3,0.3,0.4,274,0.3506710917700401,0.2372262773722627,0.1134448143977773,BCI_IV_2a,4,v1_lda
smoke_lda,4,0.4,0.5,14,0.4323569607398402,0.5,0.0676430392601597,BCI_IV_2a,4,v1_lda
smoke_lda,5,0.5,0.6000000000000001,0,,,,BCI_IV_2a,4,v1_lda
smoke_lda,6,0.6000000000000001,0.7000000000000001,0,,,,BCI_IV_2a,4,v1_lda
smoke_lda,7,0.7000000000000001,0.8,0,,,,BCI_IV_2a,4,v1_lda
smoke_lda,8,0.8,0.9,0,,,,BCI_IV_2a,4,v1_lda
smoke_lda,9,0.9,1.0,0,,,,BCI_IV_2a,4,v1_lda
smoke_lda,0,0.0,0.1,0,,,,BCI_IV_2a,5,v1_lda
smoke_lda,1,0.1,0.2,0,,,,BCI_IV_2a,5,v1_lda
smoke_lda,2,0.2,0.3,0,,,,BCI_IV_2a,5,v1_lda
smoke_lda,3,0.3,0.4,1,0.3988798158711989,0.0,0.3988798158711989,BCI_IV_2a,5,v1_lda
smoke_lda,4,0.4,0.5,287,0.4377634672047001,0.3066202090592334,0.1311432581454666,BCI_IV_2a,5,v1_lda
smoke_lda,5,0.5,0.6000000000000001,0,,,,BCI_IV_2a,5,v1_lda
smoke_lda,6,0.6000000000000001,0.7000000000000001,0,,,,BCI_IV_2a,5,v1_lda
smoke_lda,7,0.7000000000000001,0.8,0,,,,BCI_IV_2a,5,v1_lda
smoke_lda,8,0.8,0.9,0,,,,BCI_IV_2a,5,v1_lda
smoke_lda,9,0.9,1.0,0,,,,BCI_IV_2a,5,v1_lda
smoke_lda,0,0.0,0.1,0,,,,BCI_IV_2a,6,v1_lda
smoke_lda,1,0.1,0.2,0,,,,BCI_IV_2a,6,v1_lda
smoke_lda,2,0.2,0.3,0,,,,BCI_IV_2a,6,v1_lda
smoke_lda,3,0.3,0.4,0,,,,BCI_IV_2a,6,v1_lda
smoke_lda,4,0.4,0.5,34,0.4866445818422677,0.0294117647058823,0.4572328171363853,BCI_IV_2a,6,v1_lda
smoke_lda,5,0.5,0.6000000000000001,238,0.5453568401755271,0.2731092436974789,0.2722475964780481,BCI_IV_2a,6,v1_lda
smoke_lda,6,0.6000000000000001,0.7000000000000001,16,0.6121433925909514,0.375,0.2371433925909514,BCI_IV_2a,6,v1_lda
smoke_lda,7,0.7000000000000001,0.8,0,,,,BCI_IV_2a,6,v1_lda
smoke_lda,8,0.8,0.9,0,,,,BCI_IV_2a,6,v1_lda
smoke_lda,9,0.9,1.0,0,,,,BCI_IV_2a,6,v1_lda
smoke_lda,0,0.0,0.1,0,,,,BCI_IV_2a,7,v1_lda
smoke_lda,1,0.1,0.2,0,,,,BCI_IV_2a,7,v1_lda
smoke_lda,2,0.2,0.3,0,,,,BCI_IV_2a,7,v1_lda
smoke_lda,3,0.3,0.4,152,0.3731486091368339,0.1842105263157894,0.1889380828210444,BCI_IV_2a,7,v1_lda
smoke_lda,4,0.4,0.5,105,0.441970177004135,0.4666666666666667,0.0246964896625316,BCI_IV_2a,7,v1_lda
smoke_lda,5,0.5,0.6000000000000001,31,0.5343046091705274,0.967741935483871,0.4334373263133436,BCI_IV_2a,7,v1_lda
smoke_lda,6,0.6000000000000001,0.7000000000000001,0,,,,BCI_IV_2a,7,v1_lda
smoke_lda,7,0.7000000000000001,0.8,0,,,,BCI_IV_2a,7,v1_lda
smoke_lda,8,0.8,0.9,0,,,,BCI_IV_2a,7,v1_lda
smoke_lda,9,0.9,1.0,0,,,,BCI_IV_2a,7,v1_lda
smoke_lda,0,0.0,0.1,0,,,,BCI_IV_2a,8,v1_lda
smoke_lda,1,0.1,0.2,0,,,,BCI_IV_2a,8,v1_lda
smoke_lda,2,0.2,0.3,11,0.2904904418274358,0.2727272727272727,0.017763169100163,BCI_IV_2a,8,v1_lda
smoke_lda,3,0.3,0.4,118,0.3607180761939632,0.5169491525423728,0.1562310763484096,BCI_IV_2a,8,v1_lda
smoke_lda,4,0.4,0.5,122,0.4376957257660707,0.6885245901639344,0.2508288643978637,BCI_IV_2a,8,v1_lda
smoke_lda,5,0.5,0.6000000000000001,24,0.5485231874290811,0.75,0.2014768125709188,BCI_IV_2a,8,v1_lda
smoke_lda,6,0.6000000000000001,0.7000000000000001,12,0.6289495345505006,0.8333333333333334,0.2043837987828327,BCI_IV_2a,8,v1_lda
smoke_lda,7,0.7000000000000001,0.8,1,0.7326725071487242,1.0,0.2673274928512757,BCI_IV_2a,8,v1_lda
smoke_lda,8,0.8,0.9,0,,,,BCI_IV_2a,8,v1_lda
smoke_lda,9,0.9,1.0,0,,,,BCI_IV_2a,8,v1_lda
smoke_lda,0,0.0,0.1,0,,,,BCI_IV_2a,9,v1_lda
smoke_lda,1,0.1,0.2,0,,,,BCI_IV_2a,9,v1_lda
smoke_lda,2,0.2,0.3,0,,,,BCI_IV_2a,9,v1_lda
smoke_lda,3,0.3,0.4,214,0.3557907932865549,0.3411214953271028,0.0146692979594521,BCI_IV_2a,9,v1_lda
smoke_lda,4,0.4,0.5,50,0.4229252233996357,0.56,0.1370747766003643,BCI_IV_2a,9,v1_lda
smoke_lda,5,0.5,0.6000000000000001,0,,,,BCI_IV_2a,9,v1_lda
smoke_lda,6,0.6000000000000001,0.7000000000000001,0,,,,BCI_IV_2a,9,v1_lda
smoke_lda,7,0.7000000000000001,0.8,0,,,,BCI_IV_2a,9,v1_lda
smoke_lda,8,0.8,0.9,0,,,,BCI_IV_2a,9,v1_lda
smoke_lda,9,0.9,1.0,0,,,,BCI_IV_2a,9,v1_lda
smoke_lda_one_subject_2,0,0.0,0.1,0,,,,BCI_IV_2a,1,v1_lda
smoke_lda_one_subject_2,1,0.1,0.2,0,,,,BCI_IV_2a,1,v1_lda
smoke_lda_one_subject_2,2,0.2,0.3,2,0.2871863842190385,0.5,0.2128136157809614,BCI_IV_2a,1,v1_lda
smoke_lda_one_subject_2,3,0.3,0.4,19,0.3607535762654236,0.1578947368421052,0.2028588394233184,BCI_IV_2a,1,v1_lda
smoke_lda_one_subject_2,4,0.4,0.5,73,0.4583148373589893,0.589041095890411,0.1307262585314216,BCI_IV_2a,1,v1_lda
smoke_lda_one_subject_2,5,0.5,0.6000000000000001,68,0.5453088400165287,0.7941176470588235,0.2488088070422948,BCI_IV_2a,1,v1_lda
smoke_lda_one_subject_2,6,0.6000000000000001,0.7000000000000001,74,0.6471425872320908,0.7567567567567568,0.1096141695246659,BCI_IV_2a,1,v1_lda
smoke_lda_one_subject_2,7,0.7000000000000001,0.8,36,0.7471398936820967,1.0,0.2528601063179033,BCI_IV_2a,1,v1_lda
smoke_lda_one_subject_2,8,0.8,0.9,16,0.8265520491866143,1.0,0.1734479508133857,BCI_IV_2a,1,v1_lda
smoke_lda_one_subject_2,9,0.9,1.0,0,,,,BCI_IV_2a,1,v1_lda
full_deep_bci_iv_2a_validation_postcal,0,0.0,0.1,0,,,,BCI_IV_2a,1,v1_lda
full_deep_bci_iv_2a_validation_postcal,1,0.1,0.2,0,,,,BCI_IV_2a,1,v1_lda
full_deep_bci_iv_2a_validation_postcal,2,0.2,0.3,2,0.2871863847572185,0.5,0.2128136152427814,BCI_IV_2a,1,v1_lda
full_deep_bci_iv_2a_validation_postcal,3,0.3,0.4,19,0.3607535751011865,0.1578947368421052,0.2028588382590812,BCI_IV_2a,1,v1_lda
full_deep_bci_iv_2a_validation_postcal,4,0.4,0.5,73,0.45831483695014,0.589041095890411,0.1307262589402709,BCI_IV_2a,1,v1_lda
full_deep_bci_iv_2a_validation_postcal,5,0.5,0.6000000000000001,68,0.5453088416136427,0.7941176470588235,0.2488088054451808,BCI_IV_2a,1,v1_lda
full_deep_bci_iv_2a_validation_postcal,6,0.6000000000000001,0.7000000000000001,74,0.6471425878516803,0.7567567567567568,0.1096141689050764,BCI_IV_2a,1,v1_lda
full_deep_bci_iv_2a_validation_postcal,7,0.7000000000000001,0.8,36,0.7471398944568589,1.0,0.2528601055431411,BCI_IV_2a,1,v1_lda
full_deep_bci_iv_2a_validation_postcal,8,0.8,0.9,16,0.826552051529585,1.0,0.173447948470415,BCI_IV_2a,1,v1_lda
full_deep_bci_iv_2a_validation_postcal,9,0.9,1.0,0,,,,BCI_IV_2a,1,v1_lda
full_deep_bci_iv_2a_validation_postcal,0,0.0,0.1,0,,,,BCI_IV_2a,1,eegnet_uncalibrated
full_deep_bci_iv_2a_validation_postcal,1,0.1,0.2,0,,,,BCI_IV_2a,1,eegnet_uncalibrated
full_deep_bci_iv_2a_validation_postcal,2,0.2,0.3,0,,,,BCI_IV_2a,1,eegnet_uncalibrated
full_deep_bci_iv_2a_validation_postcal,3,0.3,0.4,2,0.3699821282038268,1.0,0.6300178717961731,BCI_IV_2a,1,eegnet_uncalibrated
full_deep_bci_iv_2a_validation_postcal,4,0.4,0.5,10,0.4577202511688519,0.7,0.242279748831148,BCI_IV_2a,1,eegnet_uncalibrated
full_deep_bci_iv_2a_validation_postcal,5,0.5,0.6000000000000001,63,0.5498273827017055,0.6507936507936508,0.1009662680919453,BCI_IV_2a,1,eegnet_uncalibrated
full_deep_bci_iv_2a_validation_postcal,6,0.6000000000000001,0.7000000000000001,54,0.6495042788384943,0.7222222222222222,0.0727179433837279,BCI_IV_2a,1,eegnet_uncalibrated
full_deep_bci_iv_2a_validation_postcal,7,0.7000000000000001,0.8,54,0.7562088957814781,0.8518518518518519,0.0956429560703737,BCI_IV_2a,1,eegnet_uncalibrated
full_deep_bci_iv_2a_validation_postcal,8,0.8,0.9,54,0.8482023964391198,0.8703703703703703,0.0221679739312505,BCI_IV_2a,1,eegnet_uncalibrated
full_deep_bci_iv_2a_validation_postcal,9,0.9,1.0,51,0.9475335225452826,0.8627450980392157,0.0847884245060668,BCI_IV_2a,1,eegnet_uncalibrated
full_deep_bci_iv_2a_validation_postcal,0,0.0,0.1,0,,,,BCI_IV_2a,1,eegnet_calibrated
full_deep_bci_iv_2a_validation_postcal,1,0.1,0.2,0,,,,BCI_IV_2a,1,eegnet_calibrated
full_deep_bci_iv_2a_validation_postcal,2,0.2,0.3,0,,,,BCI_IV_2a,1,eegnet_calibrated
full_deep_bci_iv_2a_validation_postcal,3,0.3,0.4,1,0.3448482635151393,1.0,0.6551517364848607,BCI_IV_2a,1,eegnet_calibrated
full_deep_bci_iv_2a_validation_postcal,4,0.4,0.5,9,0.459836982323089,0.6666666666666666,0.2068296843435775,BCI_IV_2a,1,eegnet_calibrated
full_deep_bci_iv_2a_validation_postcal,5,0.5,0.6000000000000001,49,0.5491395537451459,0.6530612244897959,0.1039216707446499,BCI_IV_2a,1,eegnet_calibrated
full_deep_bci_iv_2a_validation_postcal,6,0.6000000000000001,0.7000000000000001,58,0.6552314759062559,0.6724137931034483,0.0171823171971924,BCI_IV_2a,1,eegnet_calibrated
full_deep_bci_iv_2a_validation_postcal,7,0.7000000000000001,0.8,41,0.7532339025427656,0.8292682926829268,0.0760343901401612,BCI_IV_2a,1,eegnet_calibrated
full_deep_bci_iv_2a_validation_postcal,8,0.8,0.9,66,0.8517974875426475,0.8939393939393939,0.0421419063967464,BCI_IV_2a,1,eegnet_calibrated
full_deep_bci_iv_2a_validation_postcal,9,0.9,1.0,64,0.9554398060048748,0.859375,0.0960648060048748,BCI_IV_2a,1,eegnet_calibrated
full_deep_bci_iv_2a_validation_postcal,0,0.0,0.1,0,,,,BCI_IV_2a,1,spatial_uncalibrated
full_deep_bci_iv_2a_validation_postcal,1,0.1,0.2,0,,,,BCI_IV_2a,1,spatial_uncalibrated
full_deep_bci_iv_2a_validation_postcal,2,0.2,0.3,0,,,,BCI_IV_2a,1,spatial_uncalibrated
full_deep_bci_iv_2a_validation_postcal,3,0.3,0.4,0,,,,BCI_IV_2a,1,spatial_uncalibrated
full_deep_bci_iv_2a_validation_postcal,4,0.4,0.5,1,0.4956812718298715,1.0,0.5043187281701285,BCI_IV_2a,1,spatial_uncalibrated
full_deep_bci_iv_2a_validation_postcal,5,0.5,0.6000000000000001,23,0.5435192808492963,0.391304347826087,0.1522149330232093,BCI_IV_2a,1,spatial_uncalibrated
full_deep_bci_iv_2a_validation_postcal,6,0.6000000000000001,0.7000000000000001,20,0.6522725155388904,0.65,0.0022725155388904,BCI_IV_2a,1,spatial_uncalibrated
full_deep_bci_iv_2a_validation_postcal,7,0.7000000000000001,0.8,29,0.7524936724112826,0.6206896551724138,0.1318040172388688,BCI_IV_2a,1,spatial_uncalibrated
full_deep_bci_iv_2a_validation_postcal,8,0.8,0.9,35,0.8569343456932513,0.8571428571428571,0.0002085114496057,BCI_IV_2a,1,spatial_uncalibrated
full_deep_bci_iv_2a_validation_postcal,9,0.9,1.0,180,0.9751474237513064,0.9388888888888888,0.0362585348624174,BCI_IV_2a,1,spatial_uncalibrated
full_deep_bci_iv_2a_validation_postcal,0,0.0,0.1,0,,,,BCI_IV_2a,1,spatial_calibrated
full_deep_bci_iv_2a_validation_postcal,1,0.1,0.2,0,,,,BCI_IV_2a,1,spatial_calibrated
full_deep_bci_iv_2a_validation_postcal,2,0.2,0.3,0,,,,BCI_IV_2a,1,spatial_calibrated
full_deep_bci_iv_2a_validation_postcal,3,0.3,0.4,0,,,,BCI_IV_2a,1,spatial_calibrated
full_deep_bci_iv_2a_validation_postcal,4,0.4,0.5,2,0.4960991512622985,1.0,0.5039008487377015,BCI_IV_2a,1,spatial_calibrated
full_deep_bci_iv_2a_validation_postcal,5,0.5,0.6000000000000001,23,0.5436562865056347,0.3478260869565217,0.1958301995491129,BCI_IV_2a,1,spatial_calibrated
full_deep_bci_iv_2a_validation_postcal,6,0.6000000000000001,0.7000000000000001,21,0.6515747026602622,0.7142857142857143,0.0627110116254521,BCI_IV_2a,1,spatial_calibrated
full_deep_bci_iv_2a_validation_postcal,7,0.7000000000000001,0.8,30,0.7489641776222963,0.6333333333333333,0.1156308442889629,BCI_IV_2a,1,spatial_calibrated
full_deep_bci_iv_2a_validation_postcal,8,0.8,0.9,38,0.8559823223535927,0.868421052631579,0.0124387302779862,BCI_IV_2a,1,spatial_calibrated
full_deep_bci_iv_2a_validation_postcal,9,0.9,1.0,174,0.9736188035359712,0.9367816091954024,0.0368371943405689,BCI_IV_2a,1,spatial_calibrated
full_deep_bci_iv_2a_validation_postcal,0,0.0,0.1,0,,,,BCI_IV_2a,1,deep_ensemble_validation_weighted
full_deep_bci_iv_2a_validation_postcal,1,0.1,0.2,0,,,,BCI_IV_2a,1,deep_ensemble_validation_weighted
full_deep_bci_iv_2a_validation_postcal,2,0.2,0.3,0,,,,BCI_IV_2a,1,deep_ensemble_validation_weighted
full_deep_bci_iv_2a_validation_postcal,3,0.3,0.4,1,0.3465852694873734,1.0,0.6534147305126266,BCI_IV_2a,1,deep_ensemble_validation_weighted
full_deep_bci_iv_2a_validation_postcal,4,0.4,0.5,4,0.46085468203552,0.5,0.0391453179644799,BCI_IV_2a,1,deep_ensemble_validation_weighted
full_deep_bci_iv_2a_validation_postcal,5,0.5,0.6000000000000001,26,0.5464813724702311,0.5384615384615384,0.0080198340086926,BCI_IV_2a,1,deep_ensemble_validation_weighted
full_deep_bci_iv_2a_validation_postcal,6,0.6000000000000001,0.7000000000000001,34,0.6525896310650864,0.6764705882352942,0.0238809571702077,BCI_IV_2a,1,deep_ensemble_validation_weighted
full_deep_bci_iv_2a_validation_postcal,7,0.7000000000000001,0.8,22,0.7529543300235061,0.7272727272727273,0.0256816027507787,BCI_IV_2a,1,deep_ensemble_validation_weighted
full_deep_bci_iv_2a_validation_postcal,8,0.8,0.9,45,0.8554034836055507,0.8888888888888888,0.0334854052833381,BCI_IV_2a,1,deep_ensemble_validation_weighted
full_deep_bci_iv_2a_validation_postcal,9,0.9,1.0,156,0.9705293344550566,0.9487179487179488,0.0218113857371079,BCI_IV_2a,1,deep_ensemble_validation_weighted
full_deep_bci_iv_2a_validation_postcal,0,0.0,0.1,0,,,,BCI_IV_2a,2,v1_lda
full_deep_bci_iv_2a_validation_postcal,1,0.1,0.2,0,,,,BCI_IV_2a,2,v1_lda
full_deep_bci_iv_2a_validation_postcal,2,0.2,0.3,0,,,,BCI_IV_2a,2,v1_lda
full_deep_bci_iv_2a_validation_postcal,3,0.3,0.4,0,,,,BCI_IV_2a,2,v1_lda
full_deep_bci_iv_2a_validation_postcal,4,0.4,0.5,33,0.4789041293670198,0.0,0.4789041293670198,BCI_IV_2a,2,v1_lda
full_deep_bci_iv_2a_validation_postcal,5,0.5,0.6000000000000001,242,0.550434959180205,0.2479338842975206,0.3025010748826843,BCI_IV_2a,2,v1_lda
full_deep_bci_iv_2a_validation_postcal,6,0.6000000000000001,0.7000000000000001,13,0.6113327010044786,0.9230769230769232,0.3117442220724445,BCI_IV_2a,2,v1_lda
full_deep_bci_iv_2a_validation_postcal,7,0.7000000000000001,0.8,0,,,,BCI_IV_2a,2,v1_lda
full_deep_bci_iv_2a_validation_postcal,8,0.8,0.9,0,,,,BCI_IV_2a,2,v1_lda
full_deep_bci_iv_2a_validation_postcal,9,0.9,1.0,0,,,,BCI_IV_2a,2,v1_lda
full_deep_bci_iv_2a_validation_postcal,0,0.0,0.1,0,,,,BCI_IV_2a,2,eegnet_uncalibrated
full_deep_bci_iv_2a_validation_postcal,1,0.1,0.2,0,,,,BCI_IV_2a,2,eegnet_uncalibrated
full_deep_bci_iv_2a_validation_postcal,2,0.2,0.3,0,,,,BCI_IV_2a,2,eegnet_uncalibrated
full_deep_bci_iv_2a_validation_postcal,3,0.3,0.4,39,0.3708386252019633,0.4102564102564102,0.0394177850544468,BCI_IV_2a,2,eegnet_uncalibrated
full_deep_bci_iv_2a_validation_postcal,4,0.4,0.5,106,0.4512916748021215,0.330188679245283,0.1211029955568385,BCI_IV_2a,2,eegnet_uncalibrated
full_deep_bci_iv_2a_validation_postcal,5,0.5,0.6000000000000001,62,0.5525887665250613,0.4032258064516129,0.1493629600734484,BCI_IV_2a,2,eegnet_uncalibrated
full_deep_bci_iv_2a_validation_postcal,6,0.6000000000000001,0.7000000000000001,24,0.6454728004018665,0.5833333333333334,0.0621394670685331,BCI_IV_2a,2,eegnet_uncalibrated
full_deep_bci_iv_2a_validation_postcal,7,0.7000000000000001,0.8,8,0.755036482253767,0.625,0.1300364822537669,BCI_IV_2a,2,eegnet_uncalibrated
full_deep_bci_iv_2a_validation_postcal,8,0.8,0.9,17,0.8514004882808717,0.7058823529411765,0.1455181353396951,BCI_IV_2a,2,eegnet_uncalibrated
full_deep_bci_iv_2a_validation_postcal,9,0.9,1.0,32,0.9771200524946216,0.9375,0.0396200524946215,BCI_IV_2a,2,eegnet_uncalibrated
full_deep_bci_iv_2a_validation_postcal,0,0.0,0.1,0,,,,BCI_IV_2a,2,eegnet_calibrated
full_deep_bci_iv_2a_validation_postcal,1,0.1,0.2,0,,,,BCI_IV_2a,2,eegnet_calibrated
full_deep_bci_iv_2a_validation_postcal,2,0.2,0.3,1,0.2881017468344006,1.0,0.7118982531655994,BCI_IV_2a,2,eegnet_calibrated
full_deep_bci_iv_2a_validation_postcal,3,0.3,0.4,65,0.3641804652161375,0.3538461538461538,0.0103343113699836,BCI_IV_2a,2,eegnet_calibrated
full_deep_bci_iv_2a_validation_postcal,4,0.4,0.5,117,0.4412812667607506,0.3675213675213675,0.073759899239383,BCI_IV_2a,2,eegnet_calibrated
full_deep_bci_iv_2a_validation_postcal,5,0.5,0.6000000000000001,49,0.5398241049536999,0.4897959183673469,0.0500281865863529,BCI_IV_2a,2,eegnet_calibrated
full_deep_bci_iv_2a_validation_postcal,6,0.6000000000000001,0.7000000000000001,9,0.6625927075602706,0.6666666666666666,0.004073959106396,BCI_IV_2a,2,eegnet_calibrated
full_deep_bci_iv_2a_validation_postcal,7,0.7000000000000001,0.8,14,0.754132936545508,0.7142857142857143,0.0398472222597936,BCI_IV_2a,2,eegnet_calibrated
full_deep_bci_iv_2a_validation_postcal,8,0.8,0.9,7,0.8606930298240812,0.8571428571428571,0.0035501726812241,BCI_IV_2a,2,eegnet_calibrated
full_deep_bci_iv_2a_validation_postcal,9,0.9,1.0,26,0.9521291449491824,0.9230769230769232,0.0290522218722593,BCI_IV_2a,2,eegnet_calibrated
full_deep_bci_iv_2a_validation_postcal,0,0.0,0.1,0,,,,BCI_IV_2a,2,spatial_uncalibrated
full_deep_bci_iv_2a_validation_postcal,1,0.1,0.2,0,,,,BCI_IV_2a,2,spatial_uncalibrated
full_deep_bci_iv_2a_validation_postcal,2,0.2,0.3,0,,,,BCI_IV_2a,2,spatial_uncalibrated
full_deep_bci_iv_2a_validation_postcal,3,0.3,0.4,6,0.3747604292325892,0.6666666666666666,0.2919062374340774,BCI_IV_2a,2,spatial_uncalibrated
full_deep_bci_iv_2a_validation_postcal,4,0.4,0.5,35,0.4534772488999256,0.4857142857142857,0.03223703681436,BCI_IV_2a,2,spatial_uncalibrated
full_deep_bci_iv_2a_validation_postcal,5,0.5,0.6000000000000001,53,0.5454792861088661,0.4716981132075472,0.0737811729013189,BCI_IV_2a,2,spatial_uncalibrated
full_deep_bci_iv_2a_validation_postcal,6,0.6000000000000001,0.7000000000000001,32,0.6513420722573167,0.40625,0.2450920722573166,BCI_IV_2a,2,spatial_uncalibrated
full_deep_bci_iv_2a_validation_postcal,7,0.7000000000000001,0.8,40,0.7479785533544542,0.55,0.1979785533544541,BCI_IV_2a,2,spatial_uncalibrated
full_deep_bci_iv_2a_validation_postcal,8,0.8,0.9,38,0.8513567837955575,0.5789473684210527,0.2724094153745048,BCI_IV_2a,2,spatial_uncalibrated
full_deep_bci_iv_2a_validation_postcal,9,0.9,1.0,84,0.9742583345826932,0.9047619047619048,0.0694964298207885,BCI_IV_2a,2,spatial_uncalibrated
full_deep_bci_iv_2a_validation_postcal,0,0.0,0.1,0,,,,BCI_IV_2a,2,spatial_calibrated
full_deep_bci_iv_2a_validation_postcal,1,0.1,0.2,0,,,,BCI_IV_2a,2,spatial_calibrated
full_deep_bci_iv_2a_validation_postcal,2,0.2,0.3,0,,,,BCI_IV_2a,2,spatial_calibrated
full_deep_bci_iv_2a_validation_postcal,3,0.3,0.4,17,0.3736041905030962,0.4705882352941176,0.0969840447910214,BCI_IV_2a,2,spatial_calibrated
full_deep_bci_iv_2a_validation_postcal,4,0.4,0.5,60,0.457133431278014,0.5,0.0428665687219859,BCI_IV_2a,2,spatial_calibrated
full_deep_bci_iv_2a_validation_postcal,5,0.5,0.6000000000000001,45,0.5456013286451945,0.4444444444444444,0.10115688420075,BCI_IV_2a,2,spatial_calibrated
full_deep_bci_iv_2a_validation_postcal,6,0.6000000000000001,0.7000000000000001,47,0.651004792761131,0.5106382978723404,0.1403664948887906,BCI_IV_2a,2,spatial_calibrated
full_deep_bci_iv_2a_validation_postcal,7,0.7000000000000001,0.8,35,0.7522923690375292,0.6,0.1522923690375291,BCI_IV_2a,2,spatial_calibrated
full_deep_bci_iv_2a_validation_postcal,8,0.8,0.9,23,0.8478583163263417,0.7391304347826086,0.108727881543733,BCI_IV_2a,2,spatial_calibrated
full_deep_bci_iv_2a_validation_postcal,9,0.9,1.0,61,0.9630034897953944,0.9672131147540984,0.0042096249587038,BCI_IV_2a,2,spatial_calibrated
full_deep_bci_iv_2a_validation_postcal,0,0.0,0.1,0,,,,BCI_IV_2a,2,deep_ensemble_validation_weighted
full_deep_bci_iv_2a_validation_postcal,1,0.1,0.2,0,,,,BCI_IV_2a,2,deep_ensemble_validation_weighted
full_deep_bci_iv_2a_validation_postcal,2,0.2,0.3,0,,,,BCI_IV_2a,2,deep_ensemble_validation_weighted
full_deep_bci_iv_2a_validation_postcal,3,0.3,0.4,21,0.3680340911247866,0.5238095238095238,0.1557754326847372,BCI_IV_2a,2,deep_ensemble_validation_weighted
full_deep_bci_iv_2a_validation_postcal,4,0.4,0.5,63,0.4575299242957896,0.4603174603174603,0.0027875360216706,BCI_IV_2a,2,deep_ensemble_validation_weighted
full_deep_bci_iv_2a_validation_postcal,5,0.5,0.6000000000000001,65,0.5481685259410898,0.4153846153846154,0.1327839105564743,BCI_IV_2a,2,deep_ensemble_validation_weighted
full_deep_bci_iv_2a_validation_postcal,6,0.6000000000000001,0.7000000000000001,41,0.6584934058713008,0.6097560975609756,0.0487373083103251,BCI_IV_2a,2,deep_ensemble_validation_weighted
full_deep_bci_iv_2a_validation_postcal,7,0.7000000000000001,0.8,34,0.7501767029273678,0.7058823529411765,0.0442943499861913,BCI_IV_2a,2,deep_ensemble_validation_weighted
full_deep_bci_iv_2a_validation_postcal,8,0.8,0.9,22,0.8403653503776248,0.8181818181818182,0.0221835321958066,BCI_IV_2a,2,deep_ensemble_validation_weighted
full_deep_bci_iv_2a_validation_postcal,9,0.9,1.0,42,0.9701031697588418,0.9761904761904762,0.0060873064316343,BCI_IV_2a,2,deep_ensemble_validation_weighted
full_deep_bci_iv_2a_validation_postcal,0,0.0,0.1,0,,,,BCI_IV_2a,3,v1_lda
full_deep_bci_iv_2a_validation_postcal,1,0.1,0.2,0,,,,BCI_IV_2a,3,v1_lda
full_deep_bci_iv_2a_validation_postcal,2,0.2,0.3,1,0.2984318768006686,0.0,0.2984318768006686,BCI_IV_2a,3,v1_lda
full_deep_bci_iv_2a_validation_postcal,3,0.3,0.4,17,0.3695219900555303,0.5882352941176471,0.2187133040621167,BCI_IV_2a,3,v1_lda
full_deep_bci_iv_2a_validation_postcal,4,0.4,0.5,55,0.4574671452843117,0.5636363636363636,0.1061692183520519,BCI_IV_2a,3,v1_lda
full_deep_bci_iv_2a_validation_postcal,5,0.5,0.6000000000000001,69,0.5495139256040051,0.6666666666666666,0.1171527410626614,BCI_IV_2a,3,v1_lda
full_deep_bci_iv_2a_validation_postcal,6,0.6000000000000001,0.7000000000000001,67,0.6529020573384259,0.835820895522388,0.1829188381839621,BCI_IV_2a,3,v1_lda
full_deep_bci_iv_2a_validation_postcal,7,0.7000000000000001,0.8,57,0.7526208053713611,0.9649122807017544,0.2122914753303932,BCI_IV_2a,3,v1_lda
full_deep_bci_iv_2a_validation_postcal,8,0.8,0.9,22,0.8397945596734858,1.0,0.1602054403265141,BCI_IV_2a,3,v1_lda
full_deep_bci_iv_2a_validation_postcal,9,0.9,1.0,0,,,,BCI_IV_2a,3,v1_lda
full_deep_bci_iv_2a_validation_postcal,0,0.0,0.1,0,,,,BCI_IV_2a,3,eegnet_uncalibrated
full_deep_bci_iv_2a_validation_postcal,1,0.1,0.2,0,,,,BCI_IV_2a,3,eegnet_uncalibrated
full_deep_bci_iv_2a_validation_postcal,2,0.2,0.3,0,,,,BCI_IV_2a,3,eegnet_uncalibrated
full_deep_bci_iv_2a_validation_postcal,3,0.3,0.4,4,0.3644723710495406,0.25,0.1144723710495406,BCI_IV_2a,3,eegnet_uncalibrated
full_deep_bci_iv_2a_validation_postcal,4,0.4,0.5,7,0.4608287038883203,0.4285714285714285,0.0322572753168917,BCI_IV_2a,3,eegnet_uncalibrated
full_deep_bci_iv_2a_validation_postcal,5,0.5,0.6000000000000001,38,0.5490437707956294,0.4473684210526316,0.1016753497429978,BCI_IV_2a,3,eegnet_uncalibrated
full_deep_bci_iv_2a_validation_postcal,6,0.6000000000000001,0.7000000000000001,22,0.6505501294045839,0.6363636363636364,0.0141864930409475,BCI_IV_2a,3,eegnet_uncalibrated
full_deep_bci_iv_2a_validation_postcal,7,0.7000000000000001,0.8,33,0.746102076490422,0.6363636363636364,0.1097384401267856,BCI_IV_2a,3,eegnet_uncalibrated
full_deep_bci_iv_2a_validation_postcal,8,0.8,0.9,50,0.8585467483028033,0.82,0.0385467483028033,BCI_IV_2a,3,eegnet_uncalibrated
full_deep_bci_iv_2a_validation_postcal,9,0.9,1.0,134,0.9621418769560068,0.9552238805970148,0.0069179963589919,BCI_IV_2a,3,eegnet_uncalibrated
full_deep_bci_iv_2a_validation_postcal,0,0.0,0.1,0,,,,BCI_IV_2a,3,eegnet_calibrated
full_deep_bci_iv_2a_validation_postcal,1,0.1,0.2,0,,,,BCI_IV_2a,3,eegnet_calibrated
full_deep_bci_iv_2a_validation_postcal,2,0.2,0.3,0,,,,BCI_IV_2a,3,eegnet_calibrated
full_deep_bci_iv_2a_validation_postcal,3,0.3,0.4,5,0.3611875450082578,0.4,0.0388124549917422,BCI_IV_2a,3,eegnet_calibrated
full_deep_bci_iv_2a_validation_postcal,4,0.4,0.5,12,0.4721657371867364,0.25,0.2221657371867364,BCI_IV_2a,3,eegnet_calibrated
full_deep_bci_iv_2a_validation_postcal,5,0.5,0.6000000000000001,39,0.546437362536312,0.5384615384615384,0.0079758240747735,BCI_IV_2a,3,eegnet_calibrated
full_deep_bci_iv_2a_validation_postcal,6,0.6000000000000001,0.7000000000000001,26,0.6575476960969618,0.6153846153846154,0.0421630807123464,BCI_IV_2a,3,eegnet_calibrated
full_deep_bci_iv_2a_validation_postcal,7,0.7000000000000001,0.8,34,0.74566308070863,0.7352941176470589,0.010368963061571,BCI_IV_2a,3,eegnet_calibrated
full_deep_bci_iv_2a_validation_postcal,8,0.8,0.9,59,0.8536346846828271,0.8305084745762712,0.0231262101065559,BCI_IV_2a,3,eegnet_calibrated
full_deep_bci_iv_2a_validation_postcal,9,0.9,1.0,113,0.9563890376107622,0.9646017699115044,0.0082127323007421,BCI_IV_2a,3,eegnet_calibrated
full_deep_bci_iv_2a_validation_postcal,0,0.0,0.1,0,,,,BCI_IV_2a,3,spatial_uncalibrated
full_deep_bci_iv_2a_validation_postcal,1,0.1,0.2,0,,,,BCI_IV_2a,3,spatial_uncalibrated
full_deep_bci_iv_2a_validation_postcal,2,0.2,0.3,0,,,,BCI_IV_2a,3,spatial_uncalibrated
full_deep_bci_iv_2a_validation_postcal,3,0.3,0.4,0,,,,BCI_IV_2a,3,spatial_uncalibrated
full_deep_bci_iv_2a_validation_postcal,4,0.4,0.5,4,0.4849837376315845,0.5,0.0150162623684154,BCI_IV_2a,3,spatial_uncalibrated
full_deep_bci_iv_2a_validation_postcal,5,0.5,0.6000000000000001,6,0.5769659084203149,0.6666666666666666,0.0897007582463517,BCI_IV_2a,3,spatial_uncalibrated
full_deep_bci_iv_2a_validation_postcal,6,0.6000000000000001,0.7000000000000001,8,0.6515435904383188,0.625,0.0265435904383187,BCI_IV_2a,3,spatial_uncalibrated
full_deep_bci_iv_2a_validation_postcal,7,0.7000000000000001,0.8,26,0.7477169624983707,0.6538461538461539,0.0938708086522168,BCI_IV_2a,3,spatial_uncalibrated
full_deep_bci_iv_2a_validation_postcal,8,0.8,0.9,20,0.8519546781513594,0.95,0.0980453218486405,BCI_IV_2a,3,spatial_uncalibrated
full_deep_bci_iv_2a_validation_postcal,9,0.9,1.0,224,0.9789059355569216,0.9508928571428572,0.0280130784140646,BCI_IV_2a,3,spatial_uncalibrated
full_deep_bci_iv_2a_validation_postcal,0,0.0,0.1,0,,,,BCI_IV_2a,3,spatial_calibrated
full_deep_bci_iv_2a_validation_postcal,1,0.1,0.2,0,,,,BCI_IV_2a,3,spatial_calibrated
full_deep_bci_iv_2a_validation_postcal,2,0.2,0.3,0,,,,BCI_IV_2a,3,spatial_calibrated
full_deep_bci_iv_2a_validation_postcal,3,0.3,0.4,0,,,,BCI_IV_2a,3,spatial_calibrated
full_deep_bci_iv_2a_validation_postcal,4,0.4,0.5,4,0.4662781970702611,0.5,0.0337218029297389,BCI_IV_2a,3,spatial_calibrated
full_deep_bci_iv_2a_validation_postcal,5,0.5,0.6000000000000001,8,0.5566895129098719,0.625,0.0683104870901281,BCI_IV_2a,3,spatial_calibrated
full_deep_bci_iv_2a_validation_postcal,6,0.6000000000000001,0.7000000000000001,17,0.6544457654762091,0.7058823529411765,0.0514365874649673,BCI_IV_2a,3,spatial_calibrated
full_deep_bci_iv_2a_validation_postcal,7,0.7000000000000001,0.8,24,0.7406528582090072,0.75,0.0093471417909928,BCI_IV_2a,3,spatial_calibrated
full_deep_bci_iv_2a_validation_postcal,8,0.8,0.9,34,0.8623437342395422,0.9411764705882352,0.078832736348693,BCI_IV_2a,3,spatial_calibrated
full_deep_bci_iv_2a_validation_postcal,9,0.9,1.0,201,0.9733628936798684,0.9502487562189056,0.023114137460963,BCI_IV_2a,3,spatial_calibrated
full_deep_bci_iv_2a_validation_postcal,0,0.0,0.1,0,,,,BCI_IV_2a,3,deep_ensemble_validation_weighted
full_deep_bci_iv_2a_validation_postcal,1,0.1,0.2,0,,,,BCI_IV_2a,3,deep_ensemble_validation_weighted
full_deep_bci_iv_2a_validation_postcal,2,0.2,0.3,0,,,,BCI_IV_2a,3,deep_ensemble_validation_weighted
full_deep_bci_iv_2a_validation_postcal,3,0.3,0.4,0,,,,BCI_IV_2a,3,deep_ensemble_validation_weighted
full_deep_bci_iv_2a_validation_postcal,4,0.4,0.5,4,0.479079796215373,0.25,0.229079796215373,BCI_IV_2a,3,deep_ensemble_validation_weighted
full_deep_bci_iv_2a_validation_postcal,5,0.5,0.6000000000000001,17,0.5574547438795782,0.5294117647058824,0.0280429791736958,BCI_IV_2a,3,deep_ensemble_validation_weighted
full_deep_bci_iv_2a_validation_postcal,6,0.6000000000000001,0.7000000000000001,16,0.6406644664443788,0.9375,0.2968355335556212,BCI_IV_2a,3,deep_ensemble_validation_weighted
full_deep_bci_iv_2a_validation_postcal,7,0.7000000000000001,0.8,28,0.753851302093384,0.7142857142857143,0.0395655878076697,BCI_IV_2a,3,deep_ensemble_validation_weighted
full_deep_bci_iv_2a_validation_postcal,8,0.8,0.9,51,0.851915714533196,0.8627450980392157,0.0108293835060196,BCI_IV_2a,3,deep_ensemble_validation_weighted
full_deep_bci_iv_2a_validation_postcal,9,0.9,1.0,172,0.9761199217808256,0.9767441860465116,0.000624264265686,BCI_IV_2a,3,deep_ensemble_validation_weighted
full_deep_bci_iv_2a_validation_postcal,0,0.0,0.1,0,,,,BCI_IV_2a,4,v1_lda
full_deep_bci_iv_2a_validation_postcal,1,0.1,0.2,0,,,,BCI_IV_2a,4,v1_lda
full_deep_bci_iv_2a_validation_postcal,2,0.2,0.3,0,,,,BCI_IV_2a,4,v1_lda
full_deep_bci_iv_2a_validation_postcal,3,0.3,0.4,274,0.3506675204746813,0.2372262773722627,0.1134412431024186,BCI_IV_2a,4,v1_lda
full_deep_bci_iv_2a_validation_postcal,4,0.4,0.5,14,0.4323591679076282,0.5,0.0676408320923718,BCI_IV_2a,4,v1_lda
full_deep_bci_iv_2a_validation_postcal,5,0.5,0.6000000000000001,0,,,,BCI_IV_2a,4,v1_lda
full_deep_bci_iv_2a_validation_postcal,6,0.6000000000000001,0.7000000000000001,0,,,,BCI_IV_2a,4,v1_lda
full_deep_bci_iv_2a_validation_postcal,7,0.7000000000000001,0.8,0,,,,BCI_IV_2a,4,v1_lda
full_deep_bci_iv_2a_validation_postcal,8,0.8,0.9,0,,,,BCI_IV_2a,4,v1_lda
full_deep_bci_iv_2a_validation_postcal,9,0.9,1.0,0,,,,BCI_IV_2a,4,v1_lda
full_deep_bci_iv_2a_validation_postcal,0,0.0,0.1,0,,,,BCI_IV_2a,4,eegnet_uncalibrated
full_deep_bci_iv_2a_validation_postcal,1,0.1,0.2,0,,,,BCI_IV_2a,4,eegnet_uncalibrated
full_deep_bci_iv_2a_validation_postcal,2,0.2,0.3,4,0.2833615818697599,0.75,0.4666384181302401,BCI_IV_2a,4,eegnet_uncalibrated
full_deep_bci_iv_2a_validation_postcal,3,0.3,0.4,75,0.357908281088769,0.3333333333333333,0.0245749477554356,BCI_IV_2a,4,eegnet_uncalibrated
full_deep_bci_iv_2a_validation_postcal,4,0.4,0.5,82,0.4487402389011323,0.4756097560975609,0.0268695171964286,BCI_IV_2a,4,eegnet_uncalibrated
full_deep_bci_iv_2a_validation_postcal,5,0.5,0.6000000000000001,60,0.5423220571119043,0.4666666666666667,0.0756553904452376,BCI_IV_2a,4,eegnet_uncalibrated
full_deep_bci_iv_2a_validation_postcal,6,0.6000000000000001,0.7000000000000001,33,0.6512817932904202,0.4848484848484848,0.1664333084419353,BCI_IV_2a,4,eegnet_uncalibrated
full_deep_bci_iv_2a_validation_postcal,7,0.7000000000000001,0.8,23,0.7323588258813802,0.6956521739130435,0.0367066519683367,BCI_IV_2a,4,eegnet_uncalibrated
full_deep_bci_iv_2a_validation_postcal,8,0.8,0.9,7,0.8640092261700142,0.5714285714285714,0.2925806547414428,BCI_IV_2a,4,eegnet_uncalibrated
full_deep_bci_iv_2a_validation_postcal,9,0.9,1.0,4,0.949654819790349,1.0,0.0503451802096509,BCI_IV_2a,4,eegnet_uncalibrated
full_deep_bci_iv_2a_validation_postcal,0,0.0,0.1,0,,,,BCI_IV_2a,4,eegnet_calibrated
full_deep_bci_iv_2a_validation_postcal,1,0.1,0.2,0,,,,BCI_IV_2a,4,eegnet_calibrated
full_deep_bci_iv_2a_validation_postcal,2,0.2,0.3,8,0.2881518141160598,0.375,0.0868481858839401,BCI_IV_2a,4,eegnet_calibrated
full_deep_bci_iv_2a_validation_postcal,3,0.3,0.4,95,0.3553563242178619,0.3578947368421052,0.0025384126242433,BCI_IV_2a,4,eegnet_calibrated
full_deep_bci_iv_2a_validation_postcal,4,0.4,0.5,91,0.447544033923604,0.4945054945054945,0.0469614605818905,BCI_IV_2a,4,eegnet_calibrated
full_deep_bci_iv_2a_validation_postcal,5,0.5,0.6000000000000001,44,0.5425683905080954,0.5,0.0425683905080953,BCI_IV_2a,4,eegnet_calibrated
full_deep_bci_iv_2a_validation_postcal,6,0.6000000000000001,0.7000000000000001,35,0.6386791678752719,0.6,0.0386791678752719,BCI_IV_2a,4,eegnet_calibrated
full_deep_bci_iv_2a_validation_postcal,7,0.7000000000000001,0.8,6,0.728884915524036,0.5,0.228884915524036,BCI_IV_2a,4,eegnet_calibrated
full_deep_bci_iv_2a_validation_postcal,8,0.8,0.9,7,0.8473021378109185,0.7142857142857143,0.1330164235252041,BCI_IV_2a,4,eegnet_calibrated
full_deep_bci_iv_2a_validation_postcal,9,0.9,1.0,2,0.945703156428304,1.0,0.0542968435716959,BCI_IV_2a,4,eegnet_calibrated
full_deep_bci_iv_2a_validation_postcal,0,0.0,0.1,0,,,,BCI_IV_2a,4,spatial_uncalibrated
full_deep_bci_iv_2a_validation_postcal,1,0.1,0.2,0,,,,BCI_IV_2a,4,spatial_uncalibrated
full_deep_bci_iv_2a_validation_postcal,2,0.2,0.3,0,,,,BCI_IV_2a,4,spatial_uncalibrated
full_deep_bci_iv_2a_validation_postcal,3,0.3,0.4,6,0.3822381241345053,0.5,0.1177618758654946,BCI_IV_2a,4,spatial_uncalibrated
full_deep_bci_iv_2a_validation_postcal,4,0.4,0.5,29,0.45073945563931,0.5172413793103449,0.0665019236710348,BCI_IV_2a,4,spatial_uncalibrated
full_deep_bci_iv_2a_validation_postcal,5,0.5,0.6000000000000001,51,0.5409976148677105,0.5882352941176471,0.0472376792499366,BCI_IV_2a,4,spatial_uncalibrated
full_deep_bci_iv_2a_validation_postcal,6,0.6000000000000001,0.7000000000000001,39,0.6523911170375329,0.5128205128205128,0.1395706042170201,BCI_IV_2a,4,spatial_uncalibrated
full_deep_bci_iv_2a_validation_postcal,7,0.7000000000000001,0.8,41,0.7482476022596496,0.4634146341463415,0.2848329681133081,BCI_IV_2a,4,spatial_uncalibrated
full_deep_bci_iv_2a_validation_postcal,8,0.8,0.9,47,0.8452386113884103,0.6382978723404256,0.2069407390479847,BCI_IV_2a,4,spatial_uncalibrated
full_deep_bci_iv_2a_validation_postcal,9,0.9,1.0,75,0.9648117533755648,0.7733333333333333,0.1914784200422314,BCI_IV_2a,4,spatial_uncalibrated
full_deep_bci_iv_2a_validation_postcal,0,0.0,0.1,0,,,,BCI_IV_2a,4,spatial_calibrated
full_deep_bci_iv_2a_validation_postcal,1,0.1,0.2,0,,,,BCI_IV_2a,4,spatial_calibrated
full_deep_bci_iv_2a_validation_postcal,2,0.2,0.3,0,,,,BCI_IV_2a,4,spatial_calibrated
full_deep_bci_iv_2a_validation_postcal,3,0.3,0.4,26,0.365281209706584,0.4615384615384615,0.0962572518318775,BCI_IV_2a,4,spatial_calibrated
full_deep_bci_iv_2a_validation_postcal,4,0.4,0.5,62,0.4545740783118342,0.5967741935483871,0.1422001152365529,BCI_IV_2a,4,spatial_calibrated
full_deep_bci_iv_2a_validation_postcal,5,0.5,0.6000000000000001,54,0.553282140551873,0.4629629629629629,0.09031917758891,BCI_IV_2a,4,spatial_calibrated
full_deep_bci_iv_2a_validation_postcal,6,0.6000000000000001,0.7000000000000001,52,0.6416121998669546,0.5961538461538461,0.0454583537131084,BCI_IV_2a,4,spatial_calibrated
full_deep_bci_iv_2a_validation_postcal,7,0.7000000000000001,0.8,36,0.7463006146026899,0.6666666666666666,0.0796339479360233,BCI_IV_2a,4,spatial_calibrated
full_deep_bci_iv_2a_validation_postcal,8,0.8,0.9,27,0.837681347295033,0.7037037037037037,0.1339776435913292,BCI_IV_2a,4,spatial_calibrated
full_deep_bci_iv_2a_validation_postcal,9,0.9,1.0,31,0.9495769698985612,0.8709677419354839,0.0786092279630774,BCI_IV_2a,4,spatial_calibrated
full_deep_bci_iv_2a_validation_postcal,0,0.0,0.1,0,,,,BCI_IV_2a,4,deep_ensemble_validation_weighted
full_deep_bci_iv_2a_validation_postcal,1,0.1,0.2,0,,,,BCI_IV_2a,4,deep_ensemble_validation_weighted
full_deep_bci_iv_2a_validation_postcal,2,0.2,0.3,0,,,,BCI_IV_2a,4,deep_ensemble_validation_weighted
full_deep_bci_iv_2a_validation_postcal,3,0.3,0.4,33,0.3693613684158384,0.3333333333333333,0.0360280350825051,BCI_IV_2a,4,deep_ensemble_validation_weighted
full_deep_bci_iv_2a_validation_postcal,4,0.4,0.5,48,0.4494930509356192,0.5833333333333334,0.1338402823977141,BCI_IV_2a,4,deep_ensemble_validation_weighted
full_deep_bci_iv_2a_validation_postcal,5,0.5,0.6000000000000001,62,0.5481172687105109,0.5161290322580645,0.0319882364524464,BCI_IV_2a,4,deep_ensemble_validation_weighted
full_deep_bci_iv_2a_validation_postcal,6,0.6000000000000001,0.7000000000000001,62,0.6526246599502624,0.5161290322580645,0.1364956276921979,BCI_IV_2a,4,deep_ensemble_validation_weighted
full_deep_bci_iv_2a_validation_postcal,7,0.7000000000000001,0.8,44,0.7434898517787402,0.7272727272727273,0.0162171245060128,BCI_IV_2a,4,deep_ensemble_validation_weighted
full_deep_bci_iv_2a_validation_postcal,8,0.8,0.9,18,0.8477549427746801,0.7222222222222222,0.1255327205524579,BCI_IV_2a,4,deep_ensemble_validation_weighted
full_deep_bci_iv_2a_validation_postcal,9,0.9,1.0,21,0.939931613847689,0.9047619047619048,0.0351697090857842,BCI_IV_2a,4,deep_ensemble_validation_weighted
full_deep_bci_iv_2a_validation_postcal,0,0.0,0.1,0,,,,BCI_IV_2a,5,v1_lda
full_deep_bci_iv_2a_validation_postcal,1,0.1,0.2,0,,,,BCI_IV_2a,5,v1_lda
full_deep_bci_iv_2a_validation_postcal,2,0.2,0.3,0,,,,BCI_IV_2a,5,v1_lda
full_deep_bci_iv_2a_validation_postcal,3,0.3,0.4,1,0.3990797563062235,0.0,0.3990797563062235,BCI_IV_2a,5,v1_lda
full_deep_bci_iv_2a_validation_postcal,4,0.4,0.5,287,0.4377701691593406,0.3066202090592334,0.1311499601001071,BCI_IV_2a,5,v1_lda
full_deep_bci_iv_2a_validation_postcal,5,0.5,0.6000000000000001,0,,,,BCI_IV_2a,5,v1_lda
full_deep_bci_iv_2a_validation_postcal,6,0.6000000000000001,0.7000000000000001,0,,,,BCI_IV_2a,5,v1_lda
full_deep_bci_iv_2a_validation_postcal,7,0.7000000000000001,0.8,0,,,,BCI_IV_2a,5,v1_lda
full_deep_bci_iv_2a_validation_postcal,8,0.8,0.9,0,,,,BCI_IV_2a,5,v1_lda
full_deep_bci_iv_2a_validation_postcal,9,0.9,1.0,0,,,,BCI_IV_2a,5,v1_lda
full_deep_bci_iv_2a_validation_postcal,0,0.0,0.1,0,,,,BCI_IV_2a,5,eegnet_uncalibrated
full_deep_bci_iv_2a_validation_postcal,1,0.1,0.2,0,,,,BCI_IV_2a,5,eegnet_uncalibrated
full_deep_bci_iv_2a_validation_postcal,2,0.2,0.3,6,0.2905081177564437,0.6666666666666666,0.3761585489102229,BCI_IV_2a,5,eegnet_uncalibrated
full_deep_bci_iv_2a_validation_postcal,3,0.3,0.4,140,0.3538496012657544,0.35,0.0038496012657544,BCI_IV_2a,5,eegnet_uncalibrated
full_deep_bci_iv_2a_validation_postcal,4,0.4,0.5,83,0.4519449176104138,0.3132530120481928,0.138691905562221,BCI_IV_2a,5,eegnet_uncalibrated
full_deep_bci_iv_2a_validation_postcal,5,0.5,0.6000000000000001,39,0.5428523212937306,0.5128205128205128,0.0300318084732178,BCI_IV_2a,5,eegnet_uncalibrated
full_deep_bci_iv_2a_validation_postcal,6,0.6000000000000001,0.7000000000000001,8,0.641972006035935,0.625,0.0169720060359349,BCI_IV_2a,5,eegnet_uncalibrated
full_deep_bci_iv_2a_validation_postcal,7,0.7000000000000001,0.8,7,0.7518090930148268,0.8571428571428571,0.1053337641280303,BCI_IV_2a,5,eegnet_uncalibrated
full_deep_bci_iv_2a_validation_postcal,8,0.8,0.9,4,0.8297474501048889,1.0,0.170252549895111,BCI_IV_2a,5,eegnet_uncalibrated
full_deep_bci_iv_2a_validation_postcal,9,0.9,1.0,1,0.949072022052256,0.0,0.949072022052256,BCI_IV_2a,5,eegnet_uncalibrated
full_deep_bci_iv_2a_validation_postcal,0,0.0,0.1,0,,,,BCI_IV_2a,5,eegnet_calibrated
full_deep_bci_iv_2a_validation_postcal,1,0.1,0.2,0,,,,BCI_IV_2a,5,eegnet_calibrated
full_deep_bci_iv_2a_validation_postcal,2,0.2,0.3,15,0.2913951221457486,0.5333333333333333,0.2419382111875846,BCI_IV_2a,5,eegnet_calibrated
full_deep_bci_iv_2a_validation_postcal,3,0.3,0.4,155,0.3472184606686229,0.3483870967741935,0.0011686361055706,BCI_IV_2a,5,eegnet_calibrated
full_deep_bci_iv_2a_validation_postcal,4,0.4,0.5,83,0.443614968525744,0.3493975903614458,0.0942173781642982,BCI_IV_2a,5,eegnet_calibrated
full_deep_bci_iv_2a_validation_postcal,5,0.5,0.6000000000000001,21,0.5372899839889145,0.5714285714285714,0.0341385874396569,BCI_IV_2a,5,eegnet_calibrated
full_deep_bci_iv_2a_validation_postcal,6,0.6000000000000001,0.7000000000000001,7,0.6502366497798535,0.7142857142857143,0.0640490645058607,BCI_IV_2a,5,eegnet_calibrated
full_deep_bci_iv_2a_validation_postcal,7,0.7000000000000001,0.8,5,0.7495104046737293,1.0,0.2504895953262707,BCI_IV_2a,5,eegnet_calibrated
full_deep_bci_iv_2a_validation_postcal,8,0.8,0.9,1,0.8066800300094386,1.0,0.1933199699905614,BCI_IV_2a,5,eegnet_calibrated
full_deep_bci_iv_2a_validation_postcal,9,0.9,1.0,1,0.9069165402429916,0.0,0.9069165402429916,BCI_IV_2a,5,eegnet_calibrated
full_deep_bci_iv_2a_validation_postcal,0,0.0,0.1,0,,,,BCI_IV_2a,5,spatial_uncalibrated
full_deep_bci_iv_2a_validation_postcal,1,0.1,0.2,0,,,,BCI_IV_2a,5,spatial_uncalibrated
full_deep_bci_iv_2a_validation_postcal,2,0.2,0.3,22,0.2833860900526534,0.2727272727272727,0.0106588173253807,BCI_IV_2a,5,spatial_uncalibrated
full_deep_bci_iv_2a_validation_postcal,3,0.3,0.4,118,0.3466522927414309,0.3644067796610169,0.0177544869195859,BCI_IV_2a,5,spatial_uncalibrated
full_deep_bci_iv_2a_validation_postcal,4,0.4,0.5,84,0.439298910807747,0.5119047619047619,0.0726058510970148,BCI_IV_2a,5,spatial_uncalibrated
full_deep_bci_iv_2a_validation_postcal,5,0.5,0.6000000000000001,35,0.5382327341517447,0.4571428571428571,0.0810898770088875,BCI_IV_2a,5,spatial_uncalibrated
full_deep_bci_iv_2a_validation_postcal,6,0.6000000000000001,0.7000000000000001,9,0.6418368611075856,0.7777777777777778,0.1359409166701921,BCI_IV_2a,5,spatial_uncalibrated
full_deep_bci_iv_2a_validation_postcal,7,0.7000000000000001,0.8,6,0.7427117900810103,0.6666666666666666,0.0760451234143436,BCI_IV_2a,5,spatial_uncalibrated
full_deep_bci_iv_2a_validation_postcal,8,0.8,0.9,9,0.8437556490390494,0.7777777777777778,0.0659778712612716,BCI_IV_2a,5,spatial_uncalibrated
full_deep_bci_iv_2a_validation_postcal,9,0.9,1.0,5,0.960484901664709,0.6,0.360484901664709,BCI_IV_2a,5,spatial_uncalibrated
full_deep_bci_iv_2a_validation_postcal,0,0.0,0.1,0,,,,BCI_IV_2a,5,spatial_calibrated
full_deep_bci_iv_2a_validation_postcal,1,0.1,0.2,0,,,,BCI_IV_2a,5,spatial_calibrated
full_deep_bci_iv_2a_validation_postcal,2,0.2,0.3,34,0.2845501952189367,0.2941176470588235,0.0095674518398867,BCI_IV_2a,5,spatial_calibrated
full_deep_bci_iv_2a_validation_postcal,3,0.3,0.4,140,0.347180429611633,0.3785714285714285,0.0313909989597955,BCI_IV_2a,5,spatial_calibrated
full_deep_bci_iv_2a_validation_postcal,4,0.4,0.5,69,0.4382695398413606,0.5217391304347826,0.0834695905934219,BCI_IV_2a,5,spatial_calibrated
full_deep_bci_iv_2a_validation_postcal,5,0.5,0.6000000000000001,22,0.5271546816919837,0.5909090909090909,0.0637544092171072,BCI_IV_2a,5,spatial_calibrated
full_deep_bci_iv_2a_validation_postcal,6,0.6000000000000001,0.7000000000000001,6,0.6369418212616887,0.8333333333333334,0.1963915120716446,BCI_IV_2a,5,spatial_calibrated
full_deep_bci_iv_2a_validation_postcal,7,0.7000000000000001,0.8,8,0.7492225254859272,0.625,0.1242225254859271,BCI_IV_2a,5,spatial_calibrated
full_deep_bci_iv_2a_validation_postcal,8,0.8,0.9,6,0.8395832730300409,0.8333333333333334,0.0062499396967075,BCI_IV_2a,5,spatial_calibrated
full_deep_bci_iv_2a_validation_postcal,9,0.9,1.0,3,0.9781376684742804,0.6666666666666666,0.3114710018076136,BCI_IV_2a,5,spatial_calibrated
full_deep_bci_iv_2a_validation_postcal,0,0.0,0.1,0,,,,BCI_IV_2a,5,deep_ensemble_validation_weighted
full_deep_bci_iv_2a_validation_postcal,1,0.1,0.2,0,,,,BCI_IV_2a,5,deep_ensemble_validation_weighted
full_deep_bci_iv_2a_validation_postcal,2,0.2,0.3,18,0.2857321904139242,0.4444444444444444,0.1587122540305202,BCI_IV_2a,5,deep_ensemble_validation_weighted
full_deep_bci_iv_2a_validation_postcal,3,0.3,0.4,148,0.3492555068499291,0.3851351351351351,0.035879628285206,BCI_IV_2a,5,deep_ensemble_validation_weighted
full_deep_bci_iv_2a_validation_postcal,4,0.4,0.5,72,0.4437513469217137,0.4861111111111111,0.0423597641893973,BCI_IV_2a,5,deep_ensemble_validation_weighted
full_deep_bci_iv_2a_validation_postcal,5,0.5,0.6000000000000001,24,0.5355059654852309,0.6666666666666666,0.1311607011814357,BCI_IV_2a,5,deep_ensemble_validation_weighted
full_deep_bci_iv_2a_validation_postcal,6,0.6000000000000001,0.7000000000000001,12,0.637914057961512,0.5,0.137914057961512,BCI_IV_2a,5,deep_ensemble_validation_weighted
full_deep_bci_iv_2a_validation_postcal,7,0.7000000000000001,0.8,6,0.7440321395979695,0.8333333333333334,0.0893011937353638,BCI_IV_2a,5,deep_ensemble_validation_weighted
full_deep_bci_iv_2a_validation_postcal,8,0.8,0.9,5,0.8448908607371857,1.0,0.1551091392628143,BCI_IV_2a,5,deep_ensemble_validation_weighted
full_deep_bci_iv_2a_validation_postcal,9,0.9,1.0,3,0.9510254392477716,0.6666666666666666,0.2843587725811048,BCI_IV_2a,5,deep_ensemble_validation_weighted
full_deep_bci_iv_2a_validation_postcal,0,0.0,0.1,0,,,,BCI_IV_2a,6,v1_lda
full_deep_bci_iv_2a_validation_postcal,1,0.1,0.2,0,,,,BCI_IV_2a,6,v1_lda
full_deep_bci_iv_2a_validation_postcal,2,0.2,0.3,0,,,,BCI_IV_2a,6,v1_lda
full_deep_bci_iv_2a_validation_postcal,3,0.3,0.4,0,,,,BCI_IV_2a,6,v1_lda
full_deep_bci_iv_2a_validation_postcal,4,0.4,0.5,34,0.4866247816137322,0.0294117647058823,0.4572130169078498,BCI_IV_2a,6,v1_lda
full_deep_bci_iv_2a_validation_postcal,5,0.5,0.6000000000000001,238,0.5453393974514796,0.2731092436974789,0.2722301537540006,BCI_IV_2a,6,v1_lda
full_deep_bci_iv_2a_validation_postcal,6,0.6000000000000001,0.7000000000000001,16,0.6121262464400267,0.375,0.2371262464400266,BCI_IV_2a,6,v1_lda
full_deep_bci_iv_2a_validation_postcal,7,0.7000000000000001,0.8,0,,,,BCI_IV_2a,6,v1_lda
full_deep_bci_iv_2a_validation_postcal,8,0.8,0.9,0,,,,BCI_IV_2a,6,v1_lda
full_deep_bci_iv_2a_validation_postcal,9,0.9,1.0,0,,,,BCI_IV_2a,6,v1_lda
full_deep_bci_iv_2a_validation_postcal,0,0.0,0.1,0,,,,BCI_IV_2a,6,eegnet_uncalibrated
full_deep_bci_iv_2a_validation_postcal,1,0.1,0.2,0,,,,BCI_IV_2a,6,eegnet_uncalibrated
full_deep_bci_iv_2a_validation_postcal,2,0.2,0.3,22,0.2871239727084619,0.1818181818181818,0.10530579089028,BCI_IV_2a,6,eegnet_uncalibrated
full_deep_bci_iv_2a_validation_postcal,3,0.3,0.4,145,0.3437727738559062,0.3034482758620689,0.0403244979938373,BCI_IV_2a,6,eegnet_uncalibrated
full_deep_bci_iv_2a_validation_postcal,4,0.4,0.5,92,0.4462062699009878,0.3804347826086957,0.0657714872922921,BCI_IV_2a,6,eegnet_uncalibrated
full_deep_bci_iv_2a_validation_postcal,5,0.5,0.6000000000000001,24,0.5407195183448394,0.4583333333333333,0.0823861850115061,BCI_IV_2a,6,eegnet_uncalibrated
full_deep_bci_iv_2a_validation_postcal,6,0.6000000000000001,0.7000000000000001,5,0.6285846108444764,0.0,0.6285846108444764,BCI_IV_2a,6,eegnet_uncalibrated
full_deep_bci_iv_2a_validation_postcal,7,0.7000000000000001,0.8,0,,,,BCI_IV_2a,6,eegnet_uncalibrated
full_deep_bci_iv_2a_validation_postcal,8,0.8,0.9,0,,,,BCI_IV_2a,6,eegnet_uncalibrated
full_deep_bci_iv_2a_validation_postcal,9,0.9,1.0,0,,,,BCI_IV_2a,6,eegnet_uncalibrated
full_deep_bci_iv_2a_validation_postcal,0,0.0,0.1,0,,,,BCI_IV_2a,6,eegnet_calibrated
full_deep_bci_iv_2a_validation_postcal,1,0.1,0.2,0,,,,BCI_IV_2a,6,eegnet_calibrated
full_deep_bci_iv_2a_validation_postcal,2,0.2,0.3,8,0.2851650693356747,0.125,0.1601650693356747,BCI_IV_2a,6,eegnet_calibrated
full_deep_bci_iv_2a_validation_postcal,3,0.3,0.4,119,0.3485411006246683,0.3025210084033613,0.046020092221307,BCI_IV_2a,6,eegnet_calibrated
full_deep_bci_iv_2a_validation_postcal,4,0.4,0.5,84,0.4471362643340616,0.2857142857142857,0.1614219786197759,BCI_IV_2a,6,eegnet_calibrated
full_deep_bci_iv_2a_validation_postcal,5,0.5,0.6000000000000001,52,0.5426530902253783,0.4615384615384615,0.0811146286869167,BCI_IV_2a,6,eegnet_calibrated
full_deep_bci_iv_2a_validation_postcal,6,0.6000000000000001,0.7000000000000001,20,0.6326184791223055,0.45,0.1826184791223055,BCI_IV_2a,6,eegnet_calibrated
full_deep_bci_iv_2a_validation_postcal,7,0.7000000000000001,0.8,5,0.730410631568243,0.0,0.730410631568243,BCI_IV_2a,6,eegnet_calibrated
full_deep_bci_iv_2a_validation_postcal,8,0.8,0.9,0,,,,BCI_IV_2a,6,eegnet_calibrated
full_deep_bci_iv_2a_validation_postcal,9,0.9,1.0,0,,,,BCI_IV_2a,6,eegnet_calibrated
full_deep_bci_iv_2a_validation_postcal,0,0.0,0.1,0,,,,BCI_IV_2a,6,spatial_uncalibrated
full_deep_bci_iv_2a_validation_postcal,1,0.1,0.2,0,,,,BCI_IV_2a,6,spatial_uncalibrated
full_deep_bci_iv_2a_validation_postcal,2,0.2,0.3,1,0.2773597819620169,0.0,0.2773597819620169,BCI_IV_2a,6,spatial_uncalibrated
full_deep_bci_iv_2a_validation_postcal,3,0.3,0.4,24,0.3614132968163808,0.3333333333333333,0.0280799634830474,BCI_IV_2a,6,spatial_uncalibrated
full_deep_bci_iv_2a_validation_postcal,4,0.4,0.5,55,0.4546699178100851,0.4,0.0546699178100851,BCI_IV_2a,6,spatial_uncalibrated
full_deep_bci_iv_2a_validation_postcal,5,0.5,0.6000000000000001,56,0.5520801485277677,0.375,0.1770801485277676,BCI_IV_2a,6,spatial_uncalibrated
full_deep_bci_iv_2a_validation_postcal,6,0.6000000000000001,0.7000000000000001,54,0.6501517407675514,0.4629629629629629,0.1871887778045884,BCI_IV_2a,6,spatial_uncalibrated
full_deep_bci_iv_2a_validation_postcal,7,0.7000000000000001,0.8,43,0.748163877631467,0.3488372093023256,0.3993266683291414,BCI_IV_2a,6,spatial_uncalibrated
full_deep_bci_iv_2a_validation_postcal,8,0.8,0.9,29,0.8498159809234325,0.4482758620689655,0.4015401188544669,BCI_IV_2a,6,spatial_uncalibrated
full_deep_bci_iv_2a_validation_postcal,9,0.9,1.0,26,0.9446984672940448,0.8076923076923077,0.1370061596017371,BCI_IV_2a,6,spatial_uncalibrated
full_deep_bci_iv_2a_validation_postcal,0,0.0,0.1,0,,,,BCI_IV_2a,6,spatial_calibrated
full_deep_bci_iv_2a_validation_postcal,1,0.1,0.2,0,,,,BCI_IV_2a,6,spatial_calibrated
full_deep_bci_iv_2a_validation_postcal,2,0.2,0.3,2,0.282936003416898,0.0,0.282936003416898,BCI_IV_2a,6,spatial_calibrated
full_deep_bci_iv_2a_validation_postcal,3,0.3,0.4,52,0.3595927897083619,0.3653846153846153,0.0057918256762534,BCI_IV_2a,6,spatial_calibrated
full_deep_bci_iv_2a_validation_postcal,4,0.4,0.5,91,0.4518024802299616,0.4175824175824176,0.034220062647544,BCI_IV_2a,6,spatial_calibrated
full_deep_bci_iv_2a_validation_postcal,5,0.5,0.6000000000000001,63,0.5469221099600627,0.4126984126984127,0.13422369726165,BCI_IV_2a,6,spatial_calibrated
full_deep_bci_iv_2a_validation_postcal,6,0.6000000000000001,0.7000000000000001,39,0.6442937239407059,0.4102564102564102,0.2340373136842957,BCI_IV_2a,6,spatial_calibrated
full_deep_bci_iv_2a_validation_postcal,7,0.7000000000000001,0.8,21,0.7534776504144095,0.4285714285714285,0.3249062218429809,BCI_IV_2a,6,spatial_calibrated
full_deep_bci_iv_2a_validation_postcal,8,0.8,0.9,16,0.8379214967123574,0.8125,0.0254214967123573,BCI_IV_2a,6,spatial_calibrated
full_deep_bci_iv_2a_validation_postcal,9,0.9,1.0,4,0.93743012570136,1.0,0.06256987429864,BCI_IV_2a,6,spatial_calibrated
full_deep_bci_iv_2a_validation_postcal,0,0.0,0.1,0,,,,BCI_IV_2a,6,deep_ensemble_validation_weighted
full_deep_bci_iv_2a_validation_postcal,1,0.1,0.2,0,,,,BCI_IV_2a,6,deep_ensemble_validation_weighted
full_deep_bci_iv_2a_validation_postcal,2,0.2,0.3,2,0.286980611197691,1.0,0.713019388802309,BCI_IV_2a,6,deep_ensemble_validation_weighted
full_deep_bci_iv_2a_validation_postcal,3,0.3,0.4,50,0.3627034136536516,0.42,0.0572965863463483,BCI_IV_2a,6,deep_ensemble_validation_weighted
full_deep_bci_iv_2a_validation_postcal,4,0.4,0.5,101,0.4456127267851118,0.2871287128712871,0.1584840139138247,BCI_IV_2a,6,deep_ensemble_validation_weighted
full_deep_bci_iv_2a_validation_postcal,5,0.5,0.6000000000000001,62,0.5431474828670563,0.5,0.0431474828670562,BCI_IV_2a,6,deep_ensemble_validation_weighted
full_deep_bci_iv_2a_validation_postcal,6,0.6000000000000001,0.7000000000000001,41,0.6419784471214557,0.4390243902439024,0.2029540568775532,BCI_IV_2a,6,deep_ensemble_validation_weighted
full_deep_bci_iv_2a_validation_postcal,7,0.7000000000000001,0.8,21,0.7455469822098869,0.7142857142857143,0.0312612679241726,BCI_IV_2a,6,deep_ensemble_validation_weighted
full_deep_bci_iv_2a_validation_postcal,8,0.8,0.9,10,0.8497978966002437,0.8,0.0497978966002436,BCI_IV_2a,6,deep_ensemble_validation_weighted
full_deep_bci_iv_2a_validation_postcal,9,0.9,1.0,1,0.9099461295294023,0.0,0.9099461295294023,BCI_IV_2a,6,deep_ensemble_validation_weighted
full_deep_bci_iv_2a_validation_postcal,0,0.0,0.1,0,,,,BCI_IV_2a,7,v1_lda
full_deep_bci_iv_2a_validation_postcal,1,0.1,0.2,0,,,,BCI_IV_2a,7,v1_lda
full_deep_bci_iv_2a_validation_postcal,2,0.2,0.3,0,,,,BCI_IV_2a,7,v1_lda
full_deep_bci_iv_2a_validation_postcal,3,0.3,0.4,152,0.3731497289012611,0.1842105263157894,0.1889392025854716,BCI_IV_2a,7,v1_lda
full_deep_bci_iv_2a_validation_postcal,4,0.4,0.5,105,0.4419775981955129,0.4666666666666667,0.0246890684711537,BCI_IV_2a,7,v1_lda
full_deep_bci_iv_2a_validation_postcal,5,0.5,0.6000000000000001,31,0.534319266933413,0.967741935483871,0.4334226685504579,BCI_IV_2a,7,v1_lda
full_deep_bci_iv_2a_validation_postcal,6,0.6000000000000001,0.7000000000000001,0,,,,BCI_IV_2a,7,v1_lda
full_deep_bci_iv_2a_validation_postcal,7,0.7000000000000001,0.8,0,,,,BCI_IV_2a,7,v1_lda
full_deep_bci_iv_2a_validation_postcal,8,0.8,0.9,0,,,,BCI_IV_2a,7,v1_lda
full_deep_bci_iv_2a_validation_postcal,9,0.9,1.0,0,,,,BCI_IV_2a,7,v1_lda
full_deep_bci_iv_2a_validation_postcal,0,0.0,0.1,0,,,,BCI_IV_2a,7,eegnet_uncalibrated
full_deep_bci_iv_2a_validation_postcal,1,0.1,0.2,0,,,,BCI_IV_2a,7,eegnet_uncalibrated
full_deep_bci_iv_2a_validation_postcal,2,0.2,0.3,0,,,,BCI_IV_2a,7,eegnet_uncalibrated
full_deep_bci_iv_2a_validation_postcal,3,0.3,0.4,4,0.3606327903632054,0.25,0.1106327903632054,BCI_IV_2a,7,eegnet_uncalibrated
full_deep_bci_iv_2a_validation_postcal,4,0.4,0.5,9,0.4625018787996265,0.3333333333333333,0.1291685454662932,BCI_IV_2a,7,eegnet_uncalibrated
full_deep_bci_iv_2a_validation_postcal,5,0.5,0.6000000000000001,72,0.5474582411337536,0.5972222222222222,0.0497639810884685,BCI_IV_2a,7,eegnet_uncalibrated
full_deep_bci_iv_2a_validation_postcal,6,0.6000000000000001,0.7000000000000001,52,0.6500749470893606,0.6346153846153846,0.015459562473976,BCI_IV_2a,7,eegnet_uncalibrated
full_deep_bci_iv_2a_validation_postcal,7,0.7000000000000001,0.8,49,0.7463168455933306,0.6938775510204082,0.0524392945729224,BCI_IV_2a,7,eegnet_uncalibrated
full_deep_bci_iv_2a_validation_postcal,8,0.8,0.9,53,0.8516821667094271,0.7169811320754716,0.1347010346339554,BCI_IV_2a,7,eegnet_uncalibrated
full_deep_bci_iv_2a_validation_postcal,9,0.9,1.0,49,0.9621522136107086,0.9183673469387756,0.043784866671933,BCI_IV_2a,7,eegnet_uncalibrated
full_deep_bci_iv_2a_validation_postcal,0,0.0,0.1,0,,,,BCI_IV_2a,7,eegnet_calibrated
full_deep_bci_iv_2a_validation_postcal,1,0.1,0.2,0,,,,BCI_IV_2a,7,eegnet_calibrated
full_deep_bci_iv_2a_validation_postcal,2,0.2,0.3,0,,,,BCI_IV_2a,7,eegnet_calibrated
full_deep_bci_iv_2a_validation_postcal,3,0.3,0.4,5,0.3610230800900317,0.4,0.0389769199099682,BCI_IV_2a,7,eegnet_calibrated
full_deep_bci_iv_2a_validation_postcal,4,0.4,0.5,12,0.470881131139643,0.5,0.0291188688603569,BCI_IV_2a,7,eegnet_calibrated
full_deep_bci_iv_2a_validation_postcal,5,0.5,0.6000000000000001,74,0.5458947900161089,0.581081081081081,0.0351862910649721,BCI_IV_2a,7,eegnet_calibrated
full_deep_bci_iv_2a_validation_postcal,6,0.6000000000000001,0.7000000000000001,57,0.6512445337553756,0.6842105263157895,0.0329659925604138,BCI_IV_2a,7,eegnet_calibrated
full_deep_bci_iv_2a_validation_postcal,7,0.7000000000000001,0.8,48,0.7479353429648702,0.625,0.1229353429648701,BCI_IV_2a,7,eegnet_calibrated
full_deep_bci_iv_2a_validation_postcal,8,0.8,0.9,48,0.8451544330898239,0.7708333333333334,0.0743210997564904,BCI_IV_2a,7,eegnet_calibrated
full_deep_bci_iv_2a_validation_postcal,9,0.9,1.0,44,0.9596816788424442,0.9090909090909092,0.050590769751535,BCI_IV_2a,7,eegnet_calibrated
full_deep_bci_iv_2a_validation_postcal,0,0.0,0.1,0,,,,BCI_IV_2a,7,spatial_uncalibrated
full_deep_bci_iv_2a_validation_postcal,1,0.1,0.2,0,,,,BCI_IV_2a,7,spatial_uncalibrated
full_deep_bci_iv_2a_validation_postcal,2,0.2,0.3,0,,,,BCI_IV_2a,7,spatial_uncalibrated
full_deep_bci_iv_2a_validation_postcal,3,0.3,0.4,2,0.3772043106562501,0.5,0.1227956893437499,BCI_IV_2a,7,spatial_uncalibrated
full_deep_bci_iv_2a_validation_postcal,4,0.4,0.5,1,0.4493914718277456,1.0,0.5506085281722544,BCI_IV_2a,7,spatial_uncalibrated
full_deep_bci_iv_2a_validation_postcal,5,0.5,0.6000000000000001,17,0.5540457997407584,0.3529411764705882,0.2011046232701701,BCI_IV_2a,7,spatial_uncalibrated
full_deep_bci_iv_2a_validation_postcal,6,0.6000000000000001,0.7000000000000001,13,0.6502710194075368,0.5384615384615384,0.1118094809459984,BCI_IV_2a,7,spatial_uncalibrated
full_deep_bci_iv_2a_validation_postcal,7,0.7000000000000001,0.8,25,0.7532586078794943,0.8,0.0467413921205057,BCI_IV_2a,7,spatial_uncalibrated
full_deep_bci_iv_2a_validation_postcal,8,0.8,0.9,45,0.8601348710805684,0.8444444444444444,0.0156904266361239,BCI_IV_2a,7,spatial_uncalibrated
full_deep_bci_iv_2a_validation_postcal,9,0.9,1.0,185,0.970440989791304,0.9027027027027028,0.0677382870886011,BCI_IV_2a,7,spatial_uncalibrated
full_deep_bci_iv_2a_validation_postcal,0,0.0,0.1,0,,,,BCI_IV_2a,7,spatial_calibrated
full_deep_bci_iv_2a_validation_postcal,1,0.1,0.2,0,,,,BCI_IV_2a,7,spatial_calibrated
full_deep_bci_iv_2a_validation_postcal,2,0.2,0.3,0,,,,BCI_IV_2a,7,spatial_calibrated
full_deep_bci_iv_2a_validation_postcal,3,0.3,0.4,2,0.3764044461859403,0.5,0.1235955538140596,BCI_IV_2a,7,spatial_calibrated
full_deep_bci_iv_2a_validation_postcal,4,0.4,0.5,1,0.4484096350208172,1.0,0.5515903649791828,BCI_IV_2a,7,spatial_calibrated
full_deep_bci_iv_2a_validation_postcal,5,0.5,0.6000000000000001,17,0.553325550438195,0.3529411764705882,0.2003843739676067,BCI_IV_2a,7,spatial_calibrated
full_deep_bci_iv_2a_validation_postcal,6,0.6000000000000001,0.7000000000000001,13,0.6488533405329583,0.5384615384615384,0.1103918020714198,BCI_IV_2a,7,spatial_calibrated
full_deep_bci_iv_2a_validation_postcal,7,0.7000000000000001,0.8,26,0.7530734396451257,0.8076923076923077,0.0546188680471819,BCI_IV_2a,7,spatial_calibrated
full_deep_bci_iv_2a_validation_postcal,8,0.8,0.9,44,0.8595980165403944,0.8409090909090909,0.0186889256313034,BCI_IV_2a,7,spatial_calibrated
full_deep_bci_iv_2a_validation_postcal,9,0.9,1.0,185,0.9697439047394047,0.9027027027027028,0.0670412020367021,BCI_IV_2a,7,spatial_calibrated
full_deep_bci_iv_2a_validation_postcal,0,0.0,0.1,0,,,,BCI_IV_2a,7,deep_ensemble_validation_weighted
full_deep_bci_iv_2a_validation_postcal,1,0.1,0.2,0,,,,BCI_IV_2a,7,deep_ensemble_validation_weighted
full_deep_bci_iv_2a_validation_postcal,2,0.2,0.3,0,,,,BCI_IV_2a,7,deep_ensemble_validation_weighted
full_deep_bci_iv_2a_validation_postcal,3,0.3,0.4,1,0.3403799816514604,0.0,0.3403799816514604,BCI_IV_2a,7,deep_ensemble_validation_weighted
full_deep_bci_iv_2a_validation_postcal,4,0.4,0.5,5,0.4731494168594111,0.4,0.073149416859411,BCI_IV_2a,7,deep_ensemble_validation_weighted
full_deep_bci_iv_2a_validation_postcal,5,0.5,0.6000000000000001,15,0.5576644563396853,0.6,0.0423355436603146,BCI_IV_2a,7,deep_ensemble_validation_weighted
full_deep_bci_iv_2a_validation_postcal,6,0.6000000000000001,0.7000000000000001,22,0.646322549035363,0.6818181818181818,0.0354956327828187,BCI_IV_2a,7,deep_ensemble_validation_weighted
full_deep_bci_iv_2a_validation_postcal,7,0.7000000000000001,0.8,41,0.7477825223735313,0.8048780487804879,0.0570955264069565,BCI_IV_2a,7,deep_ensemble_validation_weighted
full_deep_bci_iv_2a_validation_postcal,8,0.8,0.9,74,0.8592054459913175,0.8513513513513513,0.0078540946399662,BCI_IV_2a,7,deep_ensemble_validation_weighted
full_deep_bci_iv_2a_validation_postcal,9,0.9,1.0,130,0.9603908957504244,0.8923076923076924,0.068083203442732,BCI_IV_2a,7,deep_ensemble_validation_weighted
full_deep_bci_iv_2a_validation_postcal,0,0.0,0.1,0,,,,BCI_IV_2a,8,v1_lda
full_deep_bci_iv_2a_validation_postcal,1,0.1,0.2,0,,,,BCI_IV_2a,8,v1_lda
full_deep_bci_iv_2a_validation_postcal,2,0.2,0.3,11,0.2904931118396485,0.2727272727272727,0.0177658391123757,BCI_IV_2a,8,v1_lda
full_deep_bci_iv_2a_validation_postcal,3,0.3,0.4,118,0.3607427462101082,0.5169491525423728,0.1562064063322645,BCI_IV_2a,8,v1_lda
full_deep_bci_iv_2a_validation_postcal,4,0.4,0.5,122,0.4377435878205067,0.6885245901639344,0.2507810023434277,BCI_IV_2a,8,v1_lda
full_deep_bci_iv_2a_validation_postcal,5,0.5,0.6000000000000001,24,0.5486773659208802,0.75,0.2013226340791197,BCI_IV_2a,8,v1_lda
full_deep_bci_iv_2a_validation_postcal,6,0.6000000000000001,0.7000000000000001,12,0.6291136340208366,0.8333333333333334,0.2042196993124967,BCI_IV_2a,8,v1_lda
full_deep_bci_iv_2a_validation_postcal,7,0.7000000000000001,0.8,1,0.7328351015531653,1.0,0.2671648984468346,BCI_IV_2a,8,v1_lda
full_deep_bci_iv_2a_validation_postcal,8,0.8,0.9,0,,,,BCI_IV_2a,8,v1_lda
full_deep_bci_iv_2a_validation_postcal,9,0.9,1.0,0,,,,BCI_IV_2a,8,v1_lda
full_deep_bci_iv_2a_validation_postcal,0,0.0,0.1,0,,,,BCI_IV_2a,8,eegnet_uncalibrated
full_deep_bci_iv_2a_validation_postcal,1,0.1,0.2,0,,,,BCI_IV_2a,8,eegnet_uncalibrated
full_deep_bci_iv_2a_validation_postcal,2,0.2,0.3,1,0.2922714845836671,0.0,0.2922714845836671,BCI_IV_2a,8,eegnet_uncalibrated
full_deep_bci_iv_2a_validation_postcal,3,0.3,0.4,6,0.3733601245495564,0.3333333333333333,0.0400267912162231,BCI_IV_2a,8,eegnet_uncalibrated
full_deep_bci_iv_2a_validation_postcal,4,0.4,0.5,21,0.4589425923610273,0.4761904761904761,0.0172478838294488,BCI_IV_2a,8,eegnet_uncalibrated
full_deep_bci_iv_2a_validation_postcal,5,0.5,0.6000000000000001,46,0.5501119112529856,0.6086956521739131,0.0585837409209274,BCI_IV_2a,8,eegnet_uncalibrated
full_deep_bci_iv_2a_validation_postcal,6,0.6000000000000001,0.7000000000000001,49,0.6497495688943047,0.7346938775510204,0.0849443086567157,BCI_IV_2a,8,eegnet_uncalibrated
full_deep_bci_iv_2a_validation_postcal,7,0.7000000000000001,0.8,32,0.7512284623918521,0.84375,0.0925215376081478,BCI_IV_2a,8,eegnet_uncalibrated
full_deep_bci_iv_2a_validation_postcal,8,0.8,0.9,41,0.8521686673867631,0.7804878048780488,0.0716808625087143,BCI_IV_2a,8,eegnet_uncalibrated
full_deep_bci_iv_2a_validation_postcal,9,0.9,1.0,92,0.9683443224122262,0.8913043478260869,0.0770399745861393,BCI_IV_2a,8,eegnet_uncalibrated
full_deep_bci_iv_2a_validation_postcal,0,0.0,0.1,0,,,,BCI_IV_2a,8,eegnet_calibrated
full_deep_bci_iv_2a_validation_postcal,1,0.1,0.2,0,,,,BCI_IV_2a,8,eegnet_calibrated
full_deep_bci_iv_2a_validation_postcal,2,0.2,0.3,1,0.2903004028047573,0.0,0.2903004028047573,BCI_IV_2a,8,eegnet_calibrated
full_deep_bci_iv_2a_validation_postcal,3,0.3,0.4,7,0.3730924009932057,0.4285714285714285,0.0554790275782228,BCI_IV_2a,8,eegnet_calibrated
full_deep_bci_iv_2a_validation_postcal,4,0.4,0.5,24,0.4623620561915672,0.4583333333333333,0.0040287228582338,BCI_IV_2a,8,eegnet_calibrated
full_deep_bci_iv_2a_validation_postcal,5,0.5,0.6000000000000001,48,0.5513960512969857,0.625,0.0736039487030143,BCI_IV_2a,8,eegnet_calibrated
full_deep_bci_iv_2a_validation_postcal,6,0.6000000000000001,0.7000000000000001,49,0.6488249252637646,0.7346938775510204,0.0858689522872558,BCI_IV_2a,8,eegnet_calibrated
full_deep_bci_iv_2a_validation_postcal,7,0.7000000000000001,0.8,32,0.7545220918836668,0.8125,0.0579779081163331,BCI_IV_2a,8,eegnet_calibrated
full_deep_bci_iv_2a_validation_postcal,8,0.8,0.9,37,0.8490309548685986,0.8378378378378378,0.0111931170307607,BCI_IV_2a,8,eegnet_calibrated
full_deep_bci_iv_2a_validation_postcal,9,0.9,1.0,90,0.9646536439598656,0.8888888888888888,0.0757647550709769,BCI_IV_2a,8,eegnet_calibrated
full_deep_bci_iv_2a_validation_postcal,0,0.0,0.1,0,,,,BCI_IV_2a,8,spatial_uncalibrated
full_deep_bci_iv_2a_validation_postcal,1,0.1,0.2,0,,,,BCI_IV_2a,8,spatial_uncalibrated
full_deep_bci_iv_2a_validation_postcal,2,0.2,0.3,0,,,,BCI_IV_2a,8,spatial_uncalibrated
full_deep_bci_iv_2a_validation_postcal,3,0.3,0.4,0,,,,BCI_IV_2a,8,spatial_uncalibrated
full_deep_bci_iv_2a_validation_postcal,4,0.4,0.5,4,0.4573520819387677,0.5,0.0426479180612323,BCI_IV_2a,8,spatial_uncalibrated
full_deep_bci_iv_2a_validation_postcal,5,0.5,0.6000000000000001,22,0.5489877376536577,0.4545454545454545,0.0944422831082031,BCI_IV_2a,8,spatial_uncalibrated
full_deep_bci_iv_2a_validation_postcal,6,0.6000000000000001,0.7000000000000001,21,0.6456886380980165,0.5238095238095238,0.1218791142884926,BCI_IV_2a,8,spatial_uncalibrated
full_deep_bci_iv_2a_validation_postcal,7,0.7000000000000001,0.8,24,0.7563653454103886,0.6666666666666666,0.0896986787437219,BCI_IV_2a,8,spatial_uncalibrated
full_deep_bci_iv_2a_validation_postcal,8,0.8,0.9,33,0.855210098385162,0.696969696969697,0.158240401415465,BCI_IV_2a,8,spatial_uncalibrated
full_deep_bci_iv_2a_validation_postcal,9,0.9,1.0,184,0.9818464713706444,0.9293478260869564,0.0524986452836878,BCI_IV_2a,8,spatial_uncalibrated
full_deep_bci_iv_2a_validation_postcal,0,0.0,0.1,0,,,,BCI_IV_2a,8,spatial_calibrated
full_deep_bci_iv_2a_validation_postcal,1,0.1,0.2,0,,,,BCI_IV_2a,8,spatial_calibrated
full_deep_bci_iv_2a_validation_postcal,2,0.2,0.3,0,,,,BCI_IV_2a,8,spatial_calibrated
full_deep_bci_iv_2a_validation_postcal,3,0.3,0.4,0,,,,BCI_IV_2a,8,spatial_calibrated
full_deep_bci_iv_2a_validation_postcal,4,0.4,0.5,4,0.4573510654891298,0.5,0.0426489345108701,BCI_IV_2a,8,spatial_calibrated
full_deep_bci_iv_2a_validation_postcal,5,0.5,0.6000000000000001,22,0.5489864399228517,0.4545454545454545,0.0944409853773971,BCI_IV_2a,8,spatial_calibrated
full_deep_bci_iv_2a_validation_postcal,6,0.6000000000000001,0.7000000000000001,21,0.6456867439722538,0.5238095238095238,0.1218772201627299,BCI_IV_2a,8,spatial_calibrated
full_deep_bci_iv_2a_validation_postcal,7,0.7000000000000001,0.8,24,0.7563626663076078,0.6666666666666666,0.0896959996409412,BCI_IV_2a,8,spatial_calibrated
full_deep_bci_iv_2a_validation_postcal,8,0.8,0.9,33,0.8552076531730515,0.696969696969697,0.1582379562033544,BCI_IV_2a,8,spatial_calibrated
full_deep_bci_iv_2a_validation_postcal,9,0.9,1.0,184,0.9818458993352532,0.9293478260869564,0.0524980732482968,BCI_IV_2a,8,spatial_calibrated
full_deep_bci_iv_2a_validation_postcal,0,0.0,0.1,0,,,,BCI_IV_2a,8,deep_ensemble_validation_weighted
full_deep_bci_iv_2a_validation_postcal,1,0.1,0.2,0,,,,BCI_IV_2a,8,deep_ensemble_validation_weighted
full_deep_bci_iv_2a_validation_postcal,2,0.2,0.3,0,,,,BCI_IV_2a,8,deep_ensemble_validation_weighted
full_deep_bci_iv_2a_validation_postcal,3,0.3,0.4,2,0.3796141451025556,0.0,0.3796141451025556,BCI_IV_2a,8,deep_ensemble_validation_weighted
full_deep_bci_iv_2a_validation_postcal,4,0.4,0.5,6,0.4848015470732312,0.3333333333333333,0.1514682137398979,BCI_IV_2a,8,deep_ensemble_validation_weighted
full_deep_bci_iv_2a_validation_postcal,5,0.5,0.6000000000000001,20,0.5508630525126249,0.7,0.149136947487375,BCI_IV_2a,8,deep_ensemble_validation_weighted
full_deep_bci_iv_2a_validation_postcal,6,0.6000000000000001,0.7000000000000001,27,0.6526696231033009,0.4444444444444444,0.2082251786588564,BCI_IV_2a,8,deep_ensemble_validation_weighted
full_deep_bci_iv_2a_validation_postcal,7,0.7000000000000001,0.8,34,0.7561296281022718,0.7647058823529411,0.0085762542506693,BCI_IV_2a,8,deep_ensemble_validation_weighted
full_deep_bci_iv_2a_validation_postcal,8,0.8,0.9,39,0.847958147569417,0.8717948717948718,0.0238367242254547,BCI_IV_2a,8,deep_ensemble_validation_weighted
full_deep_bci_iv_2a_validation_postcal,9,0.9,1.0,160,0.9697191903172726,0.93125,0.0384691903172725,BCI_IV_2a,8,deep_ensemble_validation_weighted
full_deep_bci_iv_2a_validation_postcal,0,0.0,0.1,0,,,,BCI_IV_2a,9,v1_lda
full_deep_bci_iv_2a_validation_postcal,1,0.1,0.2,0,,,,BCI_IV_2a,9,v1_lda
full_deep_bci_iv_2a_validation_postcal,2,0.2,0.3,0,,,,BCI_IV_2a,9,v1_lda
full_deep_bci_iv_2a_validation_postcal,3,0.3,0.4,214,0.3558180164743357,0.3411214953271028,0.0146965211472329,BCI_IV_2a,9,v1_lda
full_deep_bci_iv_2a_validation_postcal,4,0.4,0.5,50,0.422960185901257,0.56,0.137039814098743,BCI_IV_2a,9,v1_lda
full_deep_bci_iv_2a_validation_postcal,5,0.5,0.6000000000000001,0,,,,BCI_IV_2a,9,v1_lda
full_deep_bci_iv_2a_validation_postcal,6,0.6000000000000001,0.7000000000000001,0,,,,BCI_IV_2a,9,v1_lda
full_deep_bci_iv_2a_validation_postcal,7,0.7000000000000001,0.8,0,,,,BCI_IV_2a,9,v1_lda
full_deep_bci_iv_2a_validation_postcal,8,0.8,0.9,0,,,,BCI_IV_2a,9,v1_lda
full_deep_bci_iv_2a_validation_postcal,9,0.9,1.0,0,,,,BCI_IV_2a,9,v1_lda
full_deep_bci_iv_2a_validation_postcal,0,0.0,0.1,0,,,,BCI_IV_2a,9,eegnet_uncalibrated
full_deep_bci_iv_2a_validation_postcal,1,0.1,0.2,0,,,,BCI_IV_2a,9,eegnet_uncalibrated
full_deep_bci_iv_2a_validation_postcal,2,0.2,0.3,0,,,,BCI_IV_2a,9,eegnet_uncalibrated
full_deep_bci_iv_2a_validation_postcal,3,0.3,0.4,0,,,,BCI_IV_2a,9,eegnet_uncalibrated
full_deep_bci_iv_2a_validation_postcal,4,0.4,0.5,17,0.4583459820287154,0.5882352941176471,0.1298893120889316,BCI_IV_2a,9,eegnet_uncalibrated
full_deep_bci_iv_2a_validation_postcal,5,0.5,0.6000000000000001,33,0.5515917344528204,0.5151515151515151,0.0364402193013052,BCI_IV_2a,9,eegnet_uncalibrated
full_deep_bci_iv_2a_validation_postcal,6,0.6000000000000001,0.7000000000000001,29,0.659512992729591,0.6551724137931034,0.0043405789364875,BCI_IV_2a,9,eegnet_uncalibrated
full_deep_bci_iv_2a_validation_postcal,7,0.7000000000000001,0.8,40,0.7580126579744509,0.6,0.1580126579744509,BCI_IV_2a,9,eegnet_uncalibrated
full_deep_bci_iv_2a_validation_postcal,8,0.8,0.9,39,0.8563413889560862,0.7692307692307693,0.0871106197253169,BCI_IV_2a,9,eegnet_uncalibrated
full_deep_bci_iv_2a_validation_postcal,9,0.9,1.0,106,0.9667549330071064,0.9433962264150944,0.023358706592012,BCI_IV_2a,9,eegnet_uncalibrated
full_deep_bci_iv_2a_validation_postcal,0,0.0,0.1,0,,,,BCI_IV_2a,9,eegnet_calibrated
full_deep_bci_iv_2a_validation_postcal,1,0.1,0.2,0,,,,BCI_IV_2a,9,eegnet_calibrated
full_deep_bci_iv_2a_validation_postcal,2,0.2,0.3,0,,,,BCI_IV_2a,9,eegnet_calibrated
full_deep_bci_iv_2a_validation_postcal,3,0.3,0.4,0,,,,BCI_IV_2a,9,eegnet_calibrated
full_deep_bci_iv_2a_validation_postcal,4,0.4,0.5,22,0.4580823728555664,0.5909090909090909,0.1328267180535245,BCI_IV_2a,9,eegnet_calibrated
full_deep_bci_iv_2a_validation_postcal,5,0.5,0.6000000000000001,31,0.5477687432780869,0.5483870967741935,0.0006183534961066,BCI_IV_2a,9,eegnet_calibrated
full_deep_bci_iv_2a_validation_postcal,6,0.6000000000000001,0.7000000000000001,35,0.6535867185573583,0.6,0.0535867185573583,BCI_IV_2a,9,eegnet_calibrated
full_deep_bci_iv_2a_validation_postcal,7,0.7000000000000001,0.8,41,0.7522309312535387,0.6097560975609756,0.142474833692563,BCI_IV_2a,9,eegnet_calibrated
full_deep_bci_iv_2a_validation_postcal,8,0.8,0.9,42,0.8574727926732597,0.8571428571428571,0.0003299355304026,BCI_IV_2a,9,eegnet_calibrated
full_deep_bci_iv_2a_validation_postcal,9,0.9,1.0,93,0.9643977977523048,0.946236559139785,0.0181612386125197,BCI_IV_2a,9,eegnet_calibrated
full_deep_bci_iv_2a_validation_postcal,0,0.0,0.1,0,,,,BCI_IV_2a,9,spatial_uncalibrated
full_deep_bci_iv_2a_validation_postcal,1,0.1,0.2,0,,,,BCI_IV_2a,9,spatial_uncalibrated
full_deep_bci_iv_2a_validation_postcal,2,0.2,0.3,0,,,,BCI_IV_2a,9,spatial_uncalibrated
full_deep_bci_iv_2a_validation_postcal,3,0.3,0.4,3,0.3668209339415671,0.3333333333333333,0.0334876006082338,BCI_IV_2a,9,spatial_uncalibrated
full_deep_bci_iv_2a_validation_postcal,4,0.4,0.5,3,0.463159259348574,0.6666666666666666,0.2035074073180926,BCI_IV_2a,9,spatial_uncalibrated
full_deep_bci_iv_2a_validation_postcal,5,0.5,0.6000000000000001,15,0.5554962270283491,0.6,0.0445037729716508,BCI_IV_2a,9,spatial_uncalibrated
full_deep_bci_iv_2a_validation_postcal,6,0.6000000000000001,0.7000000000000001,14,0.6460705708563894,0.5,0.1460705708563894,BCI_IV_2a,9,spatial_uncalibrated
full_deep_bci_iv_2a_validation_postcal,7,0.7000000000000001,0.8,25,0.7498110987683659,0.68,0.0698110987683658,BCI_IV_2a,9,spatial_uncalibrated
full_deep_bci_iv_2a_validation_postcal,8,0.8,0.9,28,0.8618424981992678,0.75,0.1118424981992678,BCI_IV_2a,9,spatial_uncalibrated
full_deep_bci_iv_2a_validation_postcal,9,0.9,1.0,176,0.9802995679829428,0.8806818181818182,0.0996177498011247,BCI_IV_2a,9,spatial_uncalibrated
full_deep_bci_iv_2a_validation_postcal,0,0.0,0.1,0,,,,BCI_IV_2a,9,spatial_calibrated
full_deep_bci_iv_2a_validation_postcal,1,0.1,0.2,0,,,,BCI_IV_2a,9,spatial_calibrated
full_deep_bci_iv_2a_validation_postcal,2,0.2,0.3,0,,,,BCI_IV_2a,9,spatial_calibrated
full_deep_bci_iv_2a_validation_postcal,3,0.3,0.4,3,0.3657876236029258,0.3333333333333333,0.0324542902695925,BCI_IV_2a,9,spatial_calibrated
full_deep_bci_iv_2a_validation_postcal,4,0.4,0.5,3,0.4587823828059093,0.6666666666666666,0.2078842838607573,BCI_IV_2a,9,spatial_calibrated
full_deep_bci_iv_2a_validation_postcal,5,0.5,0.6000000000000001,15,0.5518524140813305,0.6,0.0481475859186695,BCI_IV_2a,9,spatial_calibrated
full_deep_bci_iv_2a_validation_postcal,6,0.6000000000000001,0.7000000000000001,16,0.6475063200318966,0.5625,0.0850063200318965,BCI_IV_2a,9,spatial_calibrated
full_deep_bci_iv_2a_validation_postcal,7,0.7000000000000001,0.8,24,0.7487555535936717,0.6666666666666666,0.0820888869270051,BCI_IV_2a,9,spatial_calibrated
full_deep_bci_iv_2a_validation_postcal,8,0.8,0.9,29,0.8587378046141309,0.7586206896551724,0.1001171149589584,BCI_IV_2a,9,spatial_calibrated
full_deep_bci_iv_2a_validation_postcal,9,0.9,1.0,174,0.979173925126262,0.8793103448275862,0.0998635802986758,BCI_IV_2a,9,spatial_calibrated
full_deep_bci_iv_2a_validation_postcal,0,0.0,0.1,0,,,,BCI_IV_2a,9,deep_ensemble_validation_weighted
full_deep_bci_iv_2a_validation_postcal,1,0.1,0.2,0,,,,BCI_IV_2a,9,deep_ensemble_validation_weighted
full_deep_bci_iv_2a_validation_postcal,2,0.2,0.3,0,,,,BCI_IV_2a,9,deep_ensemble_validation_weighted
full_deep_bci_iv_2a_validation_postcal,3,0.3,0.4,4,0.3650480983052546,0.25,0.1150480983052546,BCI_IV_2a,9,deep_ensemble_validation_weighted
full_deep_bci_iv_2a_validation_postcal,4,0.4,0.5,9,0.4715169225300759,0.5555555555555556,0.0840386330254796,BCI_IV_2a,9,deep_ensemble_validation_weighted
full_deep_bci_iv_2a_validation_postcal,5,0.5,0.6000000000000001,25,0.5403996249761999,0.6,0.0596003750238001,BCI_IV_2a,9,deep_ensemble_validation_weighted
full_deep_bci_iv_2a_validation_postcal,6,0.6000000000000001,0.7000000000000001,28,0.6507108318214253,0.75,0.0992891681785747,BCI_IV_2a,9,deep_ensemble_validation_weighted
full_deep_bci_iv_2a_validation_postcal,7,0.7000000000000001,0.8,33,0.7522487383170908,0.696969696969697,0.0552790413473938,BCI_IV_2a,9,deep_ensemble_validation_weighted
full_deep_bci_iv_2a_validation_postcal,8,0.8,0.9,42,0.8563136359143716,0.7380952380952381,0.1182183978191334,BCI_IV_2a,9,deep_ensemble_validation_weighted
full_deep_bci_iv_2a_validation_postcal,9,0.9,1.0,123,0.9718757048066552,0.959349593495935,0.0125261113107203,BCI_IV_2a,9,deep_ensemble_validation_weighted
