subject,n_trials,n_channels,n_timepoints,n_classes,weights,LDA_oof_acc,SVM_oof_acc,RF_oof_acc,threshold,ensemble_acc_all,ensemble_acc_confident,ensemble_coverage
1,288,25,1126,4,"{""LDA"": 0.3431295147736395, ""RF"": 0.31718658448817266, ""SVM"": 0.3396839007381879}",0.7430555555555556,0.7569444444444444,0.7291666666666666,0.55,0.7534722222222222,0.7926829268292683,0.8541666666666666
2,288,25,1126,4,"{""LDA"": 0.3431295147736395, ""RF"": 0.31718658448817266, ""SVM"": 0.3396839007381879}",0.6493055555555556,0.6319444444444444,0.5451388888888888,0.55,0.6111111111111112,0.7407407407407407,0.5625
3,288,25,1126,4,"{""LDA"": 0.3431295147736395, ""RF"": 0.31718658448817266, ""SVM"": 0.3396839007381879}",0.7638888888888888,0.7638888888888888,0.7638888888888888,0.55,0.7673611111111112,0.8178137651821862,0.8576388888888888
4,288,25,1126,4,"{""LDA"": 0.3431295147736395, ""RF"": 0.31718658448817266, ""SVM"": 0.3396839007381879}",0.3576388888888889,0.40625,0.3576388888888889,0.55,0.3993055555555556,0.52,0.1736111111111111
5,288,25,1126,4,"{""LDA"": 0.3431295147736395, ""RF"": 0.31718658448817266, ""SVM"": 0.3396839007381879}",0.4166666666666667,0.3993055555555556,0.3506944444444444,0.55,0.4270833333333333,0.603448275862069,0.2013888888888889
6,286,25,1126,4,"{""LDA"": 0.3431295147736395, ""RF"": 0.31718658448817266, ""SVM"": 0.3396839007381879}",0.45454545454545453,0.45104895104895104,0.3811188811188811,0.55,0.42657342657342656,0.5844155844155844,0.2692307692307692
7,288,25,1126,4,"{""LDA"": 0.3431295147736395, ""RF"": 0.31718658448817266, ""SVM"": 0.3396839007381879}",0.7326388888888888,0.7152777777777778,0.6770833333333334,0.55,0.71875,0.7824267782426778,0.8298611111111112
8,279,25,1126,4,"{""LDA"": 0.3431295147736395, ""RF"": 0.31718658448817266, ""SVM"": 0.3396839007381879}",0.7419354838709677,0.7562724014336918,0.6917562724014337,0.55,0.7419354838709677,0.8017241379310345,0.8315412186379928
9,272,25,1126,4,"{""LDA"": 0.3431295147736395, ""RF"": 0.31718658448817266, ""SVM"": 0.3396839007381879}",0.5992647058823529,0.5477941176470589,0.5220588235294118,0.55,0.5661764705882353,0.6024844720496895,0.5919117647058824
