LDA_mean_acc,LDA_std_acc,SVM_mean_acc,SVM_std_acc,RF_mean_acc,RF_std_acc,subject,n_trials,n_channels,n_timepoints,n_classes,best_model,best_acc
0.7428917120387174,0.03997549762660767,0.7531760435571688,0.03910639143104446,0.7358741681790684,0.04010547105270326,1,288,25,1126,4,SVM,0.7531760435571688
0.649546279491833,0.07481277472256236,0.6144585601935875,0.0724783793575293,0.5660617059891108,0.051493348836043604,2,288,25,1126,4,LDA,0.649546279491833
0.756442831215971,0.08171211732157593,0.7670901391409558,0.07109073079654359,0.7670296430732002,0.0478410308937753,3,288,25,1126,4,SVM,0.7670901391409558
0.35747126436781607,0.03736502784973509,0.41990320629159095,0.05781360768156571,0.36079854809437384,0.06425907011000183,4,288,25,1126,4,SVM,0.41990320629159095
0.4163944343617665,0.04551282858672581,0.3887477313974591,0.03727529905178575,0.34016938898971566,0.046209492788162033,5,288,25,1126,4,LDA,0.4163944343617665
0.4545674531155475,0.057740763351951344,0.43327283726557775,0.04271108071166756,0.3776164549304295,0.0323603639421056,6,286,25,1126,4,LDA,0.4545674531155475
0.7326678765880218,0.020302177495655674,0.7223835450695705,0.051720564648049576,0.6737447065940714,0.04711303876452057,7,288,25,1126,4,LDA,0.7326678765880218
0.741883116883117,0.033490381709682146,0.7455844155844156,0.043942667227148666,0.706038961038961,0.03539800925000185,8,279,25,1126,4,SVM,0.7455844155844156
0.5886868686868687,0.0740797671519013,0.5443771043771044,0.04719928681937394,0.5076767676767677,0.06874441373719406,9,272,25,1126,4,LDA,0.5886868686868687
