subject,n_trials,n_channels,n_timepoints,n_classes,weights,best_single_acc,LDA_oof_acc,SVM_oof_acc,RF_oof_acc,threshold,ensemble_acc_all,ensemble_acc_confident,ensemble_coverage,delta_all_vs_best,delta_conf_vs_best
1,288,22,1126,4,"{""LDA"": 0.3482165435277155, ""RF"": 0.31642578811824384, ""SVM"": 0.3353576683540406}",0.7566848154869934,0.7430555555555556,0.7465277777777778,0.7395833333333334,0.75,0.75,0.9090909090909091,0.3819444444444444,-0.006684815486993401,0.15240609360391566
2,288,22,1126,4,"{""LDA"": 0.3482165435277155, ""RF"": 0.31642578811824384, ""SVM"": 0.3353576683540406}",0.6215366001209921,0.6215277777777778,0.5555555555555556,0.5833333333333334,0.75,0.6145833333333334,0.9210526315789473,0.13194444444444445,-0.0069532667876587295,0.29951603145795525
3,288,22,1126,4,"{""LDA"": 0.3482165435277155, ""RF"": 0.31642578811824384, ""SVM"": 0.3353576683540406}",0.7671506352087113,0.7638888888888888,0.7465277777777778,0.7916666666666666,0.75,0.7708333333333334,0.9280575539568345,0.4826388888888889,0.0036826981246220747,0.16090691874812324
4,288,22,1126,4,"{""LDA"": 0.3482165435277155, ""RF"": 0.31642578811824384, ""SVM"": 0.3353576683540406}",0.3989110707803992,0.3993055555555556,0.4027777777777778,0.40625,0.75,0.4166666666666667,,0.0,0.01775559588626746,
5,288,22,1126,4,"{""LDA"": 0.3482165435277155, ""RF"": 0.31642578811824384, ""SVM"": 0.3353576683540406}",0.3819721718088324,0.3819444444444444,0.3680555555555556,0.3298611111111111,0.75,0.3680555555555556,,0.0,-0.013916616253276837,
6,288,22,1126,4,"{""LDA"": 0.3482165435277155, ""RF"": 0.31642578811824384, ""SVM"": 0.3353576683540406}",0.4409558378705384,0.4409722222222222,0.3784722222222222,0.3784722222222222,0.75,0.4340277777777778,,0.0,-0.006928060092760591,
7,288,22,1126,4,"{""LDA"": 0.3482165435277155, ""RF"": 0.31642578811824384, ""SVM"": 0.3353576683540406}",0.743254688445251,0.7430555555555556,0.7222222222222222,0.7118055555555556,0.75,0.7395833333333334,0.8571428571428571,0.24305555555555555,-0.003671355111917629,0.1138881686976061
8,288,22,1126,4,"{""LDA"": 0.3482165435277155, ""RF"": 0.31642578811824384, ""SVM"": 0.3353576683540406}",0.7222625529340593,0.7222222222222222,0.7291666666666666,0.7395833333333334,0.75,0.7395833333333334,0.927536231884058,0.23958333333333334,0.017320780399274094,0.2052736789499987
9,277,22,1126,4,"{""LDA"": 0.3482165435277155, ""RF"": 0.31642578811824384, ""SVM"": 0.3353576683540406}",0.5709090909090909,0.5703971119133574,0.5451263537906137,0.555956678700361,0.75,0.5595667870036101,,0.0,-0.011342303905480855,
