subject,n_trials,n_channels,n_timepoints,n_classes,weights,LDA_oof_acc,SVM_oof_acc,threshold,ensemble_acc_all,ensemble_acc_confident,ensemble_coverage
1,288,25,1126,4,"{""LDA"": 0.5, ""SVM"": 0.5}",0.7430555555555556,0.7569444444444444,0.55,0.7465277777777778,0.7877551020408163,0.8506944444444444
2,288,25,1126,4,"{""LDA"": 0.5, ""SVM"": 0.5}",0.6493055555555556,0.6354166666666666,0.55,0.6493055555555556,0.7341772151898734,0.5486111111111112
3,288,25,1126,4,"{""LDA"": 0.5, ""SVM"": 0.5}",0.7638888888888888,0.7638888888888888,0.55,0.7638888888888888,0.8055555555555556,0.875
4,288,25,1126,4,"{""LDA"": 0.5, ""SVM"": 0.5}",0.3576388888888889,0.3958333333333333,0.55,0.3958333333333333,0.48717948717948717,0.13541666666666666
5,288,25,1126,4,"{""LDA"": 0.5, ""SVM"": 0.5}",0.4166666666666667,0.3993055555555556,0.55,0.4097222222222222,0.6944444444444444,0.125
6,286,25,1126,4,"{""LDA"": 0.5, ""SVM"": 0.5}",0.45454545454545453,0.43006993006993005,0.55,0.4755244755244755,0.5679012345679012,0.28321678321678323
7,288,25,1126,4,"{""LDA"": 0.5, ""SVM"": 0.5}",0.7326388888888888,0.71875,0.55,0.7326388888888888,0.775,0.8333333333333334
8,279,25,1126,4,"{""LDA"": 0.5, ""SVM"": 0.5}",0.7419354838709677,0.7526881720430108,0.55,0.7419354838709677,0.8034188034188035,0.8387096774193549
9,272,25,1126,4,"{""LDA"": 0.5, ""SVM"": 0.5}",0.5992647058823529,0.5551470588235294,0.55,0.5955882352941176,0.6211180124223602,0.5919117647058824
