dataset,subject,model,uncertainty_score,coverage,target_coverage,score_cutoff,risk,accuracy,n_covered
BCI_IV_2a,1,v1_lda,max-prob,0.052083333333333336,0.05,0.8011724597892723,0.0,1.0,15
BCI_IV_2a,1,v1_lda,max-prob,0.10069444444444445,0.1,0.7577859532135622,0.0,1.0,29
BCI_IV_2a,1,v1_lda,max-prob,0.1527777777777778,0.15,0.721874611208103,0.0,1.0,44
BCI_IV_2a,1,v1_lda,max-prob,0.2013888888888889,0.2,0.6871921054216277,0.017241379310344862,0.9827586206896551,58
BCI_IV_2a,1,v1_lda,max-prob,0.25,0.25,0.671511757102034,0.04166666666666663,0.9583333333333334,72
BCI_IV_2a,1,v1_lda,max-prob,0.3020833333333333,0.3,0.6543861507168381,0.05747126436781613,0.9425287356321839,87
BCI_IV_2a,1,v1_lda,max-prob,0.3506944444444444,0.35,0.6289424608012316,0.09900990099009899,0.900990099009901,101
BCI_IV_2a,1,v1_lda,max-prob,0.4027777777777778,0.4,0.6115054851370199,0.13793103448275867,0.8620689655172413,116
BCI_IV_2a,1,v1_lda,max-prob,0.4513888888888889,0.45,0.5957536161343504,0.1384615384615384,0.8615384615384616,130
BCI_IV_2a,1,v1_lda,max-prob,0.5,0.5,0.5674643872790243,0.13194444444444442,0.8680555555555556,144
BCI_IV_2a,1,v1_lda,max-prob,0.5520833333333334,0.55,0.5497576949091904,0.15094339622641506,0.8490566037735849,159
BCI_IV_2a,1,v1_lda,max-prob,0.6006944444444444,0.6,0.5210926359441823,0.1560693641618497,0.8439306358381503,173
BCI_IV_2a,1,v1_lda,max-prob,0.6527777777777778,0.65,0.503482757348264,0.15957446808510634,0.8404255319148937,188
BCI_IV_2a,1,v1_lda,max-prob,0.7013888888888888,0.7,0.49567628620767623,0.1732673267326733,0.8267326732673267,202
BCI_IV_2a,1,v1_lda,max-prob,0.75,0.75,0.48000867838614797,0.18055555555555558,0.8194444444444444,216
BCI_IV_2a,1,v1_lda,max-prob,0.8020833333333334,0.8,0.4632013800394881,0.19913419913419916,0.8008658008658008,231
BCI_IV_2a,1,v1_lda,max-prob,0.8506944444444444,0.85,0.440340650969616,0.2204081632653061,0.7795918367346939,245
BCI_IV_2a,1,v1_lda,max-prob,0.9027777777777778,0.9,0.41608863159810083,0.23076923076923073,0.7692307692307693,260
BCI_IV_2a,1,v1_lda,max-prob,0.9513888888888888,0.95,0.3721090162249319,0.24452554744525545,0.7554744525547445,274
BCI_IV_2a,1,v1_lda,max-prob,1.0,1.0,0.28286256767314694,0.2743055555555556,0.7256944444444444,288
BCI_IV_2a,2,v1_lda,max-prob,0.052083333333333336,0.05,0.5980331876372637,0.1333333333333333,0.8666666666666667,15
BCI_IV_2a,2,v1_lda,max-prob,0.10069444444444445,0.1,0.5876272899074868,0.31034482758620685,0.6896551724137931,29
BCI_IV_2a,2,v1_lda,max-prob,0.1527777777777778,0.15,0.5810848606210667,0.4545454545454546,0.5454545454545454,44
BCI_IV_2a,2,v1_lda,max-prob,0.2013888888888889,0.2,0.5760380219569335,0.39655172413793105,0.603448275862069,58
BCI_IV_2a,2,v1_lda,max-prob,0.25,0.25,0.5727519507645569,0.4444444444444444,0.5555555555555556,72
BCI_IV_2a,2,v1_lda,max-prob,0.3020833333333333,0.3,0.5659209673269942,0.47126436781609193,0.5287356321839081,87
BCI_IV_2a,2,v1_lda,max-prob,0.3506944444444444,0.35,0.5618577500943905,0.48514851485148514,0.5148514851485149,101
BCI_IV_2a,2,v1_lda,max-prob,0.4027777777777778,0.4,0.5563305953738215,0.5258620689655172,0.47413793103448276,116
BCI_IV_2a,2,v1_lda,max-prob,0.4513888888888889,0.45,0.5537083731977239,0.5692307692307692,0.4307692307692308,130
BCI_IV_2a,2,v1_lda,max-prob,0.5,0.5,0.5495862589746021,0.5972222222222222,0.4027777777777778,144
BCI_IV_2a,2,v1_lda,max-prob,0.5520833333333334,0.55,0.5437045517741088,0.6352201257861636,0.36477987421383645,159
BCI_IV_2a,2,v1_lda,max-prob,0.6006944444444444,0.6,0.5384421341504679,0.653179190751445,0.3468208092485549,173
BCI_IV_2a,2,v1_lda,max-prob,0.6527777777777778,0.65,0.5335056699725763,0.6542553191489362,0.34574468085106386,188
BCI_IV_2a,2,v1_lda,max-prob,0.7013888888888888,0.7,0.5288197433699675,0.6633663366336633,0.33663366336633666,202
BCI_IV_2a,2,v1_lda,max-prob,0.75,0.75,0.5220891082151187,0.6805555555555556,0.3194444444444444,216
BCI_IV_2a,2,v1_lda,max-prob,0.8020833333333334,0.8,0.5136545545131977,0.6926406926406927,0.30735930735930733,231
BCI_IV_2a,2,v1_lda,max-prob,0.8506944444444444,0.85,0.5063995959180524,0.7102040816326531,0.2897959183673469,245
BCI_IV_2a,2,v1_lda,max-prob,0.9027777777777778,0.9,0.49456688687914063,0.7230769230769231,0.27692307692307694,260
BCI_IV_2a,2,v1_lda,max-prob,0.9513888888888888,0.95,0.48173945085997927,0.7372262773722628,0.26277372262773724,274
BCI_IV_2a,2,v1_lda,max-prob,1.0,1.0,0.4466662721267816,0.75,0.25,288
BCI_IV_2a,3,v1_lda,max-prob,0.052083333333333336,0.05,0.8256026253891373,0.0,1.0,15
BCI_IV_2a,3,v1_lda,max-prob,0.10069444444444445,0.1,0.7849570237955671,0.0,1.0,29
BCI_IV_2a,3,v1_lda,max-prob,0.1527777777777778,0.15,0.7662058328876215,0.022727272727272707,0.9772727272727273,44
BCI_IV_2a,3,v1_lda,max-prob,0.2013888888888889,0.2,0.7441402067953465,0.017241379310344862,0.9827586206896551,58
BCI_IV_2a,3,v1_lda,max-prob,0.25,0.25,0.7166664095267846,0.02777777777777779,0.9722222222222222,72
BCI_IV_2a,3,v1_lda,max-prob,0.3020833333333333,0.3,0.6855125737299718,0.03448275862068961,0.9655172413793104,87
BCI_IV_2a,3,v1_lda,max-prob,0.3506944444444444,0.35,0.6713519636775495,0.04950495049504955,0.9504950495049505,101
BCI_IV_2a,3,v1_lda,max-prob,0.4027777777777778,0.4,0.6537994288376746,0.051724137931034475,0.9482758620689655,116
BCI_IV_2a,3,v1_lda,max-prob,0.4513888888888889,0.45,0.6296685717812908,0.07692307692307687,0.9230769230769231,130
BCI_IV_2a,3,v1_lda,max-prob,0.5,0.5,0.6055594116147597,0.08333333333333337,0.9166666666666666,144
BCI_IV_2a,3,v1_lda,max-prob,0.5520833333333334,0.55,0.5791486264721493,0.09433962264150941,0.9056603773584906,159
BCI_IV_2a,3,v1_lda,max-prob,0.6006944444444444,0.6,0.561546792123562,0.10982658959537572,0.8901734104046243,173
BCI_IV_2a,3,v1_lda,max-prob,0.6527777777777778,0.65,0.538072196781192,0.12765957446808507,0.8723404255319149,188
BCI_IV_2a,3,v1_lda,max-prob,0.7013888888888888,0.7,0.5191888973998027,0.15841584158415845,0.8415841584158416,202
BCI_IV_2a,3,v1_lda,max-prob,0.75,0.75,0.4984352959011296,0.17129629629629628,0.8287037037037037,216
BCI_IV_2a,3,v1_lda,max-prob,0.8020833333333334,0.8,0.47923329800543885,0.17748917748917747,0.8225108225108225,231
BCI_IV_2a,3,v1_lda,max-prob,0.8506944444444444,0.85,0.45447985699830823,0.17551020408163265,0.8244897959183674,245
BCI_IV_2a,3,v1_lda,max-prob,0.9027777777777778,0.9,0.42820557889808,0.2038461538461539,0.7961538461538461,260
BCI_IV_2a,3,v1_lda,max-prob,0.9513888888888888,0.95,0.39925244501908147,0.22992700729927007,0.7700729927007299,274
BCI_IV_2a,3,v1_lda,max-prob,1.0,1.0,0.2984318420779279,0.23611111111111116,0.7638888888888888,288
BCI_IV_2a,4,v1_lda,max-prob,0.052083333333333336,0.05,0.39878177105873963,0.4666666666666667,0.5333333333333333,15
BCI_IV_2a,4,v1_lda,max-prob,0.10069444444444445,0.1,0.3825574515775341,0.6206896551724138,0.3793103448275862,29
BCI_IV_2a,4,v1_lda,max-prob,0.1527777777777778,0.15,0.37360355617895924,0.5909090909090908,0.4090909090909091,44
BCI_IV_2a,4,v1_lda,max-prob,0.2013888888888889,0.2,0.36550390840648556,0.603448275862069,0.39655172413793105,58
BCI_IV_2a,4,v1_lda,max-prob,0.25,0.25,0.3600437678958149,0.5833333333333333,0.4166666666666667,72
BCI_IV_2a,4,v1_lda,max-prob,0.3020833333333333,0.3,0.356781378138002,0.5977011494252873,0.40229885057471265,87
BCI_IV_2a,4,v1_lda,max-prob,0.3506944444444444,0.35,0.3543405914699245,0.6138613861386139,0.38613861386138615,101
BCI_IV_2a,4,v1_lda,max-prob,0.4027777777777778,0.4,0.3514718842877798,0.6293103448275862,0.3706896551724138,116
BCI_IV_2a,4,v1_lda,max-prob,0.4513888888888889,0.45,0.34985229007247226,0.6307692307692307,0.36923076923076925,130
BCI_IV_2a,4,v1_lda,max-prob,0.5,0.5,0.3479086973807401,0.6527777777777778,0.3472222222222222,144
BCI_IV_2a,4,v1_lda,max-prob,0.5520833333333334,0.55,0.34567665494140454,0.679245283018868,0.32075471698113206,159
BCI_IV_2a,4,v1_lda,max-prob,0.6006944444444444,0.6,0.3431588691591489,0.676300578034682,0.3236994219653179,173
BCI_IV_2a,4,v1_lda,max-prob,0.6527777777777778,0.65,0.34172254272885527,0.6861702127659575,0.31382978723404253,188
BCI_IV_2a,4,v1_lda,max-prob,0.7013888888888888,0.7,0.3406132608838707,0.698019801980198,0.30198019801980197,202
BCI_IV_2a,4,v1_lda,max-prob,0.75,0.75,0.3396974513301032,0.7083333333333333,0.2916666666666667,216
BCI_IV_2a,4,v1_lda,max-prob,0.8020833333333334,0.8,0.33802933939795804,0.7142857142857143,0.2857142857142857,231
BCI_IV_2a,4,v1_lda,max-prob,0.8506944444444444,0.85,0.3366935734232593,0.726530612244898,0.27346938775510204,245
BCI_IV_2a,4,v1_lda,max-prob,0.9027777777777778,0.9,0.335684083720791,0.7307692307692308,0.2692307692307692,260
BCI_IV_2a,4,v1_lda,max-prob,0.9513888888888888,0.95,0.3343431266047769,0.7408759124087592,0.2591240875912409,274
BCI_IV_2a,4,v1_lda,max-prob,1.0,1.0,0.3323567369927771,0.75,0.25,288
BCI_IV_2a,5,v1_lda,max-prob,0.052083333333333336,0.05,0.4624780289621474,0.7333333333333334,0.26666666666666666,15
BCI_IV_2a,5,v1_lda,max-prob,0.10069444444444445,0.1,0.45630086368961337,0.6896551724137931,0.3103448275862069,29
BCI_IV_2a,5,v1_lda,max-prob,0.1527777777777778,0.15,0.45188104202651913,0.6818181818181819,0.3181818181818182,44
BCI_IV_2a,5,v1_lda,max-prob,0.2013888888888889,0.2,0.448074229927431,0.6206896551724138,0.3793103448275862,58
BCI_IV_2a,5,v1_lda,max-prob,0.25,0.25,0.44590279993005133,0.6527777777777778,0.3472222222222222,72
BCI_IV_2a,5,v1_lda,max-prob,0.3020833333333333,0.3,0.4434616700187351,0.6436781609195402,0.3563218390804598,87
BCI_IV_2a,5,v1_lda,max-prob,0.3506944444444444,0.35,0.44157369505932975,0.6435643564356436,0.3564356435643564,101
BCI_IV_2a,5,v1_lda,max-prob,0.4027777777777778,0.4,0.4395669877192443,0.6551724137931034,0.3448275862068966,116
BCI_IV_2a,5,v1_lda,max-prob,0.4513888888888889,0.45,0.4372215764874445,0.6692307692307693,0.33076923076923076,130
BCI_IV_2a,5,v1_lda,max-prob,0.5,0.5,0.4357878994409046,0.7013888888888888,0.2986111111111111,144
BCI_IV_2a,5,v1_lda,max-prob,0.5520833333333334,0.55,0.4337375142320814,0.7044025157232705,0.29559748427672955,159
BCI_IV_2a,5,v1_lda,max-prob,0.6006944444444444,0.6,0.43259536811417504,0.6936416184971098,0.3063583815028902,173
BCI_IV_2a,5,v1_lda,max-prob,0.6527777777777778,0.65,0.43082803229063177,0.6968085106382979,0.30319148936170215,188
BCI_IV_2a,5,v1_lda,max-prob,0.7013888888888888,0.7,0.42943296191602176,0.7029702970297029,0.297029702970297,202
BCI_IV_2a,5,v1_lda,max-prob,0.75,0.75,0.4282466394481429,0.6944444444444444,0.3055555555555556,216
BCI_IV_2a,5,v1_lda,max-prob,0.8020833333333334,0.8,0.4260133457246174,0.7056277056277056,0.2943722943722944,231
BCI_IV_2a,5,v1_lda,max-prob,0.8506944444444444,0.85,0.4240349367570368,0.7020408163265306,0.2979591836734694,245
BCI_IV_2a,5,v1_lda,max-prob,0.9027777777777778,0.9,0.4210884960689755,0.6961538461538461,0.3038461538461538,260
BCI_IV_2a,5,v1_lda,max-prob,0.9513888888888888,0.95,0.41836651202934944,0.6934306569343065,0.30656934306569344,274
BCI_IV_2a,5,v1_lda,max-prob,1.0,1.0,0.3988798158711989,0.6944444444444444,0.3055555555555556,288
BCI_IV_2a,6,v1_lda,max-prob,0.052083333333333336,0.05,0.601388925069526,0.6666666666666667,0.3333333333333333,15
BCI_IV_2a,6,v1_lda,max-prob,0.10069444444444445,0.1,0.5904091065807621,0.5862068965517242,0.41379310344827586,29
BCI_IV_2a,6,v1_lda,max-prob,0.1527777777777778,0.15,0.5781194116049412,0.5227272727272727,0.4772727272727273,44
BCI_IV_2a,6,v1_lda,max-prob,0.2013888888888889,0.2,0.572225122984525,0.5344827586206897,0.46551724137931033,58
BCI_IV_2a,6,v1_lda,max-prob,0.25,0.25,0.5684586944426194,0.5416666666666667,0.4583333333333333,72
BCI_IV_2a,6,v1_lda,max-prob,0.3020833333333333,0.3,0.560765715890693,0.5632183908045977,0.4367816091954023,87
BCI_IV_2a,6,v1_lda,max-prob,0.3506944444444444,0.35,0.5554693640117554,0.6039603960396039,0.39603960396039606,101
BCI_IV_2a,6,v1_lda,max-prob,0.4027777777777778,0.4,0.5513872127880214,0.6379310344827587,0.3620689655172414,116
BCI_IV_2a,6,v1_lda,max-prob,0.4513888888888889,0.45,0.5443309766591518,0.6538461538461539,0.34615384615384615,130
BCI_IV_2a,6,v1_lda,max-prob,0.5,0.5,0.5396720742234076,0.6736111111111112,0.3263888888888889,144
BCI_IV_2a,6,v1_lda,max-prob,0.5520833333333334,0.55,0.5357812566307898,0.6666666666666667,0.3333333333333333,159
BCI_IV_2a,6,v1_lda,max-prob,0.6006944444444444,0.6,0.5319579924554659,0.676300578034682,0.3236994219653179,173
BCI_IV_2a,6,v1_lda,max-prob,0.6527777777777778,0.65,0.5271576204587715,0.6808510638297872,0.3191489361702128,188
BCI_IV_2a,6,v1_lda,max-prob,0.7013888888888888,0.7,0.5227400938288362,0.693069306930693,0.3069306930693069,202
BCI_IV_2a,6,v1_lda,max-prob,0.75,0.75,0.5173620147472158,0.7037037037037037,0.2962962962962963,216
BCI_IV_2a,6,v1_lda,max-prob,0.8020833333333334,0.8,0.5128472832573202,0.7099567099567099,0.29004329004329005,231
BCI_IV_2a,6,v1_lda,max-prob,0.8506944444444444,0.85,0.5047133609880514,0.7102040816326531,0.2897959183673469,245
BCI_IV_2a,6,v1_lda,max-prob,0.9027777777777778,0.9,0.49708038772438995,0.726923076923077,0.27307692307692305,260
BCI_IV_2a,6,v1_lda,max-prob,0.9513888888888888,0.95,0.4890861974271908,0.7408759124087592,0.2591240875912409,274
BCI_IV_2a,6,v1_lda,max-prob,1.0,1.0,0.4291337575306338,0.75,0.25,288
BCI_IV_2a,7,v1_lda,max-prob,0.052083333333333336,0.05,0.5254528026645378,0.0,1.0,15
BCI_IV_2a,7,v1_lda,max-prob,0.10069444444444445,0.1,0.5020882741268134,0.03448275862068961,0.9655172413793104,29
BCI_IV_2a,7,v1_lda,max-prob,0.1527777777777778,0.15,0.4838719762321584,0.09090909090909094,0.9090909090909091,44
BCI_IV_2a,7,v1_lda,max-prob,0.2013888888888889,0.2,0.45857400336999127,0.1724137931034483,0.8275862068965517,58
BCI_IV_2a,7,v1_lda,max-prob,0.25,0.25,0.44734266008251367,0.23611111111111116,0.7638888888888888,72
BCI_IV_2a,7,v1_lda,max-prob,0.3020833333333333,0.3,0.434685482318727,0.31034482758620685,0.6896551724137931,87
BCI_IV_2a,7,v1_lda,max-prob,0.3506944444444444,0.35,0.4256983043656158,0.3366336633663366,0.6633663366336634,101
BCI_IV_2a,7,v1_lda,max-prob,0.4027777777777778,0.4,0.4152417117851616,0.3706896551724138,0.6293103448275862,116
BCI_IV_2a,7,v1_lda,max-prob,0.4513888888888889,0.45,0.4031440430953044,0.39230769230769236,0.6076923076923076,130
BCI_IV_2a,7,v1_lda,max-prob,0.5,0.5,0.39749907296995096,0.4375,0.5625,144
BCI_IV_2a,7,v1_lda,max-prob,0.5520833333333334,0.55,0.3926459083974481,0.4591194968553459,0.5408805031446541,159
BCI_IV_2a,7,v1_lda,max-prob,0.6006944444444444,0.6,0.3867032795702469,0.48554913294797686,0.5144508670520231,173
BCI_IV_2a,7,v1_lda,max-prob,0.6527777777777778,0.65,0.38182723379163486,0.5106382978723405,0.48936170212765956,188
BCI_IV_2a,7,v1_lda,max-prob,0.7013888888888888,0.7,0.3771566674959345,0.5297029702970297,0.47029702970297027,202
BCI_IV_2a,7,v1_lda,max-prob,0.75,0.75,0.37332730248452894,0.5416666666666667,0.4583333333333333,216
BCI_IV_2a,7,v1_lda,max-prob,0.8020833333333334,0.8,0.36827345301451997,0.5627705627705628,0.43722943722943725,231
BCI_IV_2a,7,v1_lda,max-prob,0.8506944444444444,0.85,0.36170618240708197,0.5836734693877551,0.4163265306122449,245
BCI_IV_2a,7,v1_lda,max-prob,0.9027777777777778,0.9,0.35679088513724516,0.6076923076923078,0.3923076923076923,260
BCI_IV_2a,7,v1_lda,max-prob,0.9513888888888888,0.95,0.3496704101351837,0.6131386861313868,0.38686131386861317,274
BCI_IV_2a,7,v1_lda,max-prob,1.0,1.0,0.340460812307495,0.6284722222222222,0.3715277777777778,288
BCI_IV_2a,8,v1_lda,max-prob,0.052083333333333336,0.05,0.5916802506217842,0.1333333333333333,0.8666666666666667,15
BCI_IV_2a,8,v1_lda,max-prob,0.10069444444444445,0.1,0.5351536740584132,0.1724137931034483,0.8275862068965517,29
BCI_IV_2a,8,v1_lda,max-prob,0.1527777777777778,0.15,0.4771135990446962,0.25,0.75,44
BCI_IV_2a,8,v1_lda,max-prob,0.2013888888888889,0.2,0.4656897581512749,0.2586206896551724,0.7413793103448276,58
BCI_IV_2a,8,v1_lda,max-prob,0.25,0.25,0.4561550279851651,0.2777777777777778,0.7222222222222222,72
BCI_IV_2a,8,v1_lda,max-prob,0.3020833333333333,0.3,0.44566147980968407,0.25287356321839083,0.7471264367816092,87
BCI_IV_2a,8,v1_lda,max-prob,0.3506944444444444,0.35,0.4304894824589573,0.2376237623762376,0.7623762376237624,101
BCI_IV_2a,8,v1_lda,max-prob,0.4027777777777778,0.4,0.4227878760122182,0.23275862068965514,0.7672413793103449,116
BCI_IV_2a,8,v1_lda,max-prob,0.4513888888888889,0.45,0.4164646641669887,0.2384615384615385,0.7615384615384615,130
BCI_IV_2a,8,v1_lda,max-prob,0.5,0.5,0.4078837148463504,0.27083333333333337,0.7291666666666666,144
BCI_IV_2a,8,v1_lda,max-prob,0.5520833333333334,0.55,0.40101561001998703,0.289308176100629,0.710691823899371,159
BCI_IV_2a,8,v1_lda,max-prob,0.6006944444444444,0.6,0.39224613929741853,0.2890173410404624,0.7109826589595376,173
BCI_IV_2a,8,v1_lda,max-prob,0.6527777777777778,0.65,0.38583751703859703,0.3085106382978723,0.6914893617021277,188
BCI_IV_2a,8,v1_lda,max-prob,0.7013888888888888,0.7,0.3770390344626741,0.3168316831683168,0.6831683168316832,202
BCI_IV_2a,8,v1_lda,max-prob,0.75,0.75,0.3658418665697806,0.3194444444444444,0.6805555555555556,216
BCI_IV_2a,8,v1_lda,max-prob,0.8020833333333334,0.8,0.35796587380451,0.3203463203463204,0.6796536796536796,231
BCI_IV_2a,8,v1_lda,max-prob,0.8506944444444444,0.85,0.34097607353754783,0.3387755102040816,0.6612244897959184,245
BCI_IV_2a,8,v1_lda,max-prob,0.9027777777777778,0.9,0.3288468878026045,0.35,0.65,260
BCI_IV_2a,8,v1_lda,max-prob,0.9513888888888888,0.95,0.3081620771831106,0.36861313868613144,0.6313868613138686,274
BCI_IV_2a,8,v1_lda,max-prob,1.0,1.0,0.27611438543218647,0.38541666666666663,0.6145833333333334,288
BCI_IV_2a,9,v1_lda,max-prob,0.05303030303030303,0.05,0.435783939093395,0.4285714285714286,0.5714285714285714,14
BCI_IV_2a,9,v1_lda,max-prob,0.10227272727272728,0.1,0.41575469445042645,0.4814814814814815,0.5185185185185185,27
BCI_IV_2a,9,v1_lda,max-prob,0.15151515151515152,0.15,0.4067099015787306,0.375,0.625,40
BCI_IV_2a,9,v1_lda,max-prob,0.20075757575757575,0.2,0.3989330448480089,0.4528301886792453,0.5471698113207547,53
BCI_IV_2a,9,v1_lda,max-prob,0.25,0.25,0.3917424105321725,0.4545454545454546,0.5454545454545454,66
BCI_IV_2a,9,v1_lda,max-prob,0.30303030303030304,0.3,0.38598329649975405,0.48750000000000004,0.5125,80
BCI_IV_2a,9,v1_lda,max-prob,0.3522727272727273,0.35,0.38256441665934554,0.5268817204301075,0.4731182795698925,93
BCI_IV_2a,9,v1_lda,max-prob,0.4015151515151515,0.4,0.37668933298468715,0.5471698113207547,0.4528301886792453,106
BCI_IV_2a,9,v1_lda,max-prob,0.45075757575757575,0.45,0.3700627622312967,0.5378151260504201,0.46218487394957986,119
BCI_IV_2a,9,v1_lda,max-prob,0.5,0.5,0.36479904879186426,0.5227272727272727,0.4772727272727273,132
BCI_IV_2a,9,v1_lda,max-prob,0.553030303030303,0.55,0.35977998125184457,0.5410958904109588,0.4589041095890411,146
BCI_IV_2a,9,v1_lda,max-prob,0.6022727272727273,0.6,0.3560445501612575,0.5471698113207547,0.4528301886792453,159
BCI_IV_2a,9,v1_lda,max-prob,0.6515151515151515,0.65,0.35003388123746265,0.563953488372093,0.436046511627907,172
BCI_IV_2a,9,v1_lda,max-prob,0.7007575757575758,0.7,0.34489202034071814,0.5783783783783784,0.42162162162162165,185
BCI_IV_2a,9,v1_lda,max-prob,0.75,0.75,0.33977579929129664,0.5757575757575757,0.42424242424242425,198
BCI_IV_2a,9,v1_lda,max-prob,0.803030303030303,0.8,0.3357135227594,0.5801886792452831,0.419811320754717,212
BCI_IV_2a,9,v1_lda,max-prob,0.8522727272727273,0.85,0.32983224127951444,0.5955555555555556,0.40444444444444444,225
BCI_IV_2a,9,v1_lda,max-prob,0.9015151515151515,0.9,0.32483121616033794,0.6050420168067228,0.3949579831932773,238
BCI_IV_2a,9,v1_lda,max-prob,0.9507575757575758,0.95,0.317653371552539,0.6095617529880478,0.3904382470119522,251
BCI_IV_2a,9,v1_lda,max-prob,1.0,1.0,0.30113776407547627,0.6174242424242424,0.38257575757575757,264
