subject,trial_index,y_true,ensemble_pred,ensemble_max_prob,lda_pred,p_ens_c0,p_ens_c1,p_ens_c2,p_ens_c3
8,0,0,0,0.9997099102579579,0,0.9997099102579579,9.297874930701547e-13,0.0002900897411122468,1.34675398506731e-21
8,1,1,1,0.9999271768374381,1,7.166330032957769e-05,0.9999271768374381,1.1596850012825535e-06,1.7723108374575197e-10
8,2,1,1,0.9999496875652155,1,4.046915344427526e-05,0.9999496875652155,9.417140542192216e-06,4.26140797913507e-07
8,3,0,0,0.9997916481925191,0,0.9997916481925191,8.818127739127229e-10,0.00020835092566606785,2.177612705483722e-15
8,4,1,1,0.9987332852222962,1,9.951195115486574e-17,0.9987332852222962,5.5361383279030315e-09,0.001266709241565432
8,5,0,0,0.9974116889229545,0,0.9974116889229545,5.28477831050277e-09,0.0025883057922670605,1.2387103466130919e-20
8,6,1,1,0.9999998304775025,1,2.0995443295321534e-10,0.9999998304775025,6.133813841866398e-10,1.686991616759698e-07
8,7,2,2,0.9999970645066794,2,2.935492769745956e-06,5.509335569002516e-13,0.9999970645066794,3.126576509244725e-17
8,8,1,1,0.9998431891133154,1,0.0001568098420428413,0.9998431891133154,3.23662373927273e-11,1.0122755520733096e-09
8,9,3,3,0.9987291460297137,3,1.3673080413800275e-08,1.4727805796010883e-09,0.001270838824425224,0.9987291460297137
8,10,0,0,0.9979166801159265,0,0.9979166801159265,0.0019741531301482496,0.00010905678948819026,1.0996443729414882e-07
8,11,2,0,0.8797755666592402,0,0.8797755666592402,0.04742373560336617,0.07280022488785041,4.728495433825951e-07
8,12,1,1,0.9990014035089655,1,0.0009605605834030402,0.9990014035089655,3.803590501210401e-05,2.6192338631433173e-12
8,13,0,0,0.9999930880179462,0,0.9999930880179462,3.088579655472535e-08,6.8810962568017845e-06,3.3492041682483205e-16
8,14,3,1,0.9657071502294393,1,1.1182680427227008e-15,0.9657071502294393,7.3107593056916e-12,0.03429284976324886
8,15,3,3,0.9999999938307689,3,1.2898259485391212e-11,5.671083464487635e-09,4.852494162323054e-10,0.9999999938307689
8,16,3,3,0.9997998957307446,3,1.288721423881152e-06,0.00015419168121930178,4.462386661224294e-05,0.9997998957307446
8,17,3,3,0.9999999603479341,3,1.4195270617841645e-11,3.958874065993348e-08,4.9129882279303666e-11,0.9999999603479341
8,18,3,3,0.9999999999996463,3,1.873446437252908e-21,3.5225429215193314e-13,1.5241023178401397e-15,0.9999999999996463
8,19,0,0,0.5702279441392457,0,0.5702279441392457,0.03171178996686424,0.3980602658870842,6.8058027825484374e-12
8,20,2,2,0.9939687317247092,2,2.224057656492104e-08,0.006031242959824589,0.9939687317247092,3.0748895333462116e-09
8,21,1,1,0.9999858327181287,1,6.238038142254088e-07,0.9999858327181287,1.3528481156131624e-05,1.4996900887693573e-08
8,22,0,0,0.9999998975156342,0,0.9999998975156342,1.0106098225395364e-07,1.397056730114214e-09,2.632677138137268e-11
8,23,0,1,0.7266716022871692,1,0.2722232976500121,0.7266716022871692,0.0011051000477167701,1.5102119984228474e-11
8,24,2,2,0.9999999974174862,2,9.333991335498205e-13,1.5403355876396824e-09,0.9999999974174862,1.0412448596310588e-09
8,25,3,3,0.684515138221055,3,4.046969547091856e-12,0.001570834482736405,0.3139140272921616,0.684515138221055
8,26,0,0,0.9999960509527248,0,0.9999960509527248,3.9476635614868735e-06,1.3836951748013615e-09,1.8482969141797927e-14
8,27,2,2,0.9993708292982527,2,0.0006291435129031854,2.7188843794246776e-08,0.9993708292982527,1.520015791733948e-16
8,28,2,2,0.9957311208558155,2,0.00022891082450568682,7.432485746001242e-05,0.9957311208558155,0.003965643462218809
8,29,2,3,0.9999691542879221,3,1.0046724245574421e-08,1.1585973736130515e-09,3.083450675629656e-05,0.9999691542879221
8,30,0,0,0.9922936132873013,0,0.9922936132873013,4.422116800162864e-05,0.007662165544694194,2.9275042283306918e-15
8,31,1,3,0.97675614340123,3,0.011973631991794197,0.011207725591654946,6.249901532082313e-05,0.97675614340123
8,32,0,0,0.9999999985533976,0,0.9999999985533976,1.2363313930769043e-13,1.4464787886506523e-09,1.2927786266631709e-18
8,33,1,1,0.9999875050402287,1,1.3343501636568673e-06,0.9999875050402287,1.115813812263712e-05,2.4714849548408174e-09
8,34,1,1,0.999975038035312,1,4.257196803253174e-07,0.999975038035312,2.4536241842681295e-05,3.1649875568240874e-12
8,35,0,0,0.9848462013186237,0,0.9848462013186237,0.008743939436894742,4.679972253688199e-05,0.006363059521944771
8,36,1,1,0.9999992332100773,1,4.44894392592887e-07,0.9999992332100773,5.6011495314901665e-12,3.2188992896852297e-07
8,37,2,2,0.9999997040661507,2,3.552930559983892e-08,2.603364215969513e-07,0.9999997040661507,6.812216394576759e-11
8,38,1,1,0.9999999821060944,1,2.4843882410527217e-09,0.9999999821060944,1.540945883882562e-08,5.859829021281978e-14
8,39,2,2,0.9999774574422062,2,1.1670140709414225e-05,1.006482288503346e-05,0.9999774574422062,8.075941992630409e-07
8,40,2,1,0.6288551650757815,1,0.05325864277469702,0.6288551650757815,0.3178861921495213,1.2212988866445146e-16
8,41,3,3,0.9999982296734166,3,8.809816222439496e-09,1.7577689676740475e-06,3.747799437544771e-09,0.9999982296734166
8,42,2,0,0.9956025892345473,0,0.9956025892345473,0.00047089018212896703,0.0038100884149171294,0.0001164321684064145
8,43,2,1,0.968434089026895,1,0.0048668584132324985,0.968434089026895,0.026698825755100596,2.268047721957316e-07
8,44,3,3,0.9999911126997802,3,1.9649008835494794e-12,8.882007237226567e-06,5.291017553076644e-09,0.9999911126997802
8,45,3,2,0.6257567936895733,2,0.22893199466056494,0.14527699323250184,0.6257567936895733,3.4218417359944846e-05
8,46,3,3,0.9999999999991707,3,8.293854841564719e-13,5.283427128115382e-18,2.8316913956349014e-17,0.9999999999991707
8,47,3,3,0.9999999890231898,3,4.735433467868493e-17,1.032337359834994e-08,6.534365184053832e-10,0.9999999890231898
8,48,3,2,0.9999996729978186,2,6.712103894856881e-09,2.2043275413270495e-07,0.9999996729978186,9.985732357551808e-08
8,49,2,2,0.6575346563378246,2,0.00021283294310648815,0.33693302602564196,0.6575346563378246,0.005319484693427129
8,50,1,1,0.7091068831000819,1,3.563513231657787e-05,0.7091068831000819,0.2908574817659894,1.6120403851682567e-12
8,51,0,2,0.9922095153268684,2,0.006709059760745169,0.0010814249123853627,0.9922095153268684,1.163728660773288e-15
8,52,0,0,0.999995951441013,0,0.999995951441013,3.883548012617496e-06,1.375802285181075e-07,2.7430745926931495e-08
8,53,1,1,0.9999976945637747,1,2.6337878165602886e-07,0.9999976945637747,2.0408478961168208e-06,1.2095474136864632e-09
8,54,2,2,0.9971181367451319,2,0.002796490918938623,1.1196605924255825e-10,0.9971181367451319,8.537222396348511e-05
8,55,3,3,0.9999810913450526,3,1.0329713719005466e-08,6.998108770554989e-06,1.19002164630853e-05,0.9999810913450526
8,56,1,1,0.9999942573681002,1,2.4208273977942665e-06,0.9999942573681002,3.3204750846024662e-06,1.329417333853298e-09
8,57,2,2,0.9976704228488037,2,0.001296210146039753,0.0010329865018880932,0.9976704228488037,3.805032684646478e-07
8,58,0,0,0.9836210622421163,0,0.9836210622421163,2.1139594178907104e-05,0.016357798163704924,1.1378964724559206e-17
8,59,0,0,0.9999997793101395,0,0.9999997793101395,3.3297944724379806e-09,2.1220881344826315e-07,5.151252635827202e-09
8,60,0,0,0.9999999999274827,0,0.9999999999274827,7.25127249395099e-11,4.743568739527911e-15,2.939256503865441e-17
8,61,3,3,0.999999999952127,3,6.479423496716854e-16,4.7868631950422876e-11,3.758216182417545e-15,0.999999999952127
8,62,1,0,0.7778547526876213,0,0.7778547526876213,0.003020899223399514,0.2190249490659476,9.93990230316158e-05
8,63,1,1,0.9999999856902606,1,1.4228112762893116e-08,0.9999999856902606,8.154389622049799e-11,8.28930453630864e-14
8,64,0,0,0.9999831509973139,0,0.9999831509973139,1.3938992208316054e-07,1.6709612764016586e-05,7.73352029836073e-17
8,65,0,2,0.7075696376457494,2,0.2921503082627046,2.485491524215118e-05,0.7075696376457494,0.0002551991763039046
8,66,2,1,0.9966125937707533,1,0.0033715765388975644,0.9966125937707533,1.1304090812550355e-06,1.4699281267937153e-05
8,67,0,1,0.8390870033262113,1,0.0010400283201415735,0.8390870033262113,0.1598729675388964,8.14750905093706e-10
8,68,1,1,0.9999988570679441,1,1.9139360454959326e-10,0.9999988570679441,1.1425801039769223e-06,1.605582242299861e-10
8,69,3,3,0.9999999999152995,3,2.0889763419436987e-19,7.828067989312174e-11,6.419875981619923e-12,0.9999999999152995
8,70,3,3,0.9999999999891152,3,2.475314134104875e-12,7.54062185955222e-12,8.688949761750169e-13,0.9999999999891152
8,71,2,2,0.998591686673693,2,0.0014082980611556432,1.5265149661036936e-08,0.998591686673693,1.647577784505877e-15
8,72,0,0,0.9999999986330954,0,0.9999999986330954,3.755017910971473e-10,9.912114628902487e-10,1.91172071680442e-13
8,73,3,3,0.9999978471853869,3,3.3062207070686917e-10,5.278492080071422e-10,2.1519561418733726e-06,0.9999978471853869
8,74,3,3,0.9999997701216514,3,2.283987890258111e-07,8.949917837017404e-10,5.845678551640392e-10,0.9999997701216514
8,75,1,1,0.8135153963802153,1,7.767443916310031e-06,0.8135153963802153,0.18647367539601817,3.160779850212241e-06
8,76,3,3,0.9999083753207287,3,9.162374232017275e-05,8.43347843072455e-10,9.360329678565065e-11,0.9999083753207287
8,77,3,3,0.8086186783978908,3,3.6010518657242404e-10,0.18657257827901055,0.004808742962993436,0.8086186783978908
8,78,1,1,0.9999997939150888,1,2.060651285681578e-07,0.9999997939150888,1.9782603601843652e-11,2.0859492371952365e-16
8,79,0,0,0.9999988403203816,0,0.9999988403203816,3.942712841269989e-08,1.1202524898859323e-06,5.798652684522765e-20
8,80,1,1,0.9999865674115779,1,2.636468587577875e-08,0.9999865674115779,1.3406223736304907e-05,6.317902810188754e-22
8,81,2,3,0.9730353382220502,3,4.482479604449803e-14,1.7176998182203227e-05,0.02694748477972271,0.9730353382220502
8,82,2,2,0.9995876830478676,2,5.4596986168091866e-11,0.00041051905112342876,0.9995876830478676,1.7978464120711874e-06
8,83,2,0,0.9079452882039998,0,0.9079452882039998,0.00015317751223318496,0.0919015342837632,3.8117723375321705e-15
8,84,3,3,0.6402323912511628,3,1.5358156176302808e-07,1.3066179629013546e-08,0.35976744210109574,0.6402323912511628
8,85,2,0,0.6539034306334162,0,0.6539034306334162,7.234950653849106e-08,0.3460964970169751,1.0211263031757774e-13
8,86,0,1,0.9872485728863126,1,0.012115472950912275,0.9872485728863126,2.4054547524974526e-06,0.0006335487080225691
8,87,3,3,0.9999999989096393,3,2.4818415630973686e-14,1.0892460989274225e-09,1.0897514513973955e-12,0.9999999989096393
8,88,1,1,0.9999999998209679,1,1.789305427895366e-10,0.9999999998209679,1.0136735088492676e-13,1.418476115965332e-22
8,89,2,3,0.9363973524322984,3,0.0035221314678716416,2.3288352777022856e-10,0.06008051586694643,0.9363973524322984
8,90,1,1,0.9999978003934525,1,4.775547763414147e-07,0.9999978003934525,1.5910080967798885e-06,1.3104367400749772e-07
8,91,2,2,0.9979552332977218,2,1.34134093997323e-05,0.002030606394505428,0.9979552332977218,7.468983729712794e-07
8,92,3,3,0.9999976242786354,3,4.12084496154199e-12,2.3757134114801224e-06,3.832319946343961e-12,0.9999976242786354
8,93,1,0,0.9540040595721192,0,0.9540040595721192,0.045972150523191854,2.3789903229130136e-05,1.4598783800922064e-12
8,94,2,2,0.9982923654527031,2,0.001384489871500513,0.00032294393420301986,0.9982923654527031,2.0074159348229105e-07
8,95,0,0,0.9983797436257028,0,0.9983797436257028,3.00747244648335e-05,3.439980339427156e-10,0.0015901813058341891
8,96,0,2,0.9971637862668732,2,0.0028332150876718594,2.998362644227543e-06,0.9971637862668732,2.8281083179029854e-10
8,97,0,0,0.9998853906887342,0,0.9998853906887342,1.7102758081989292e-09,0.00011460666178102178,9.39209275872986e-10
8,98,3,3,0.999999995340827,3,4.026243190156454e-20,4.5209280877640175e-09,1.3824495991792094e-10,0.999999995340827
8,99,1,1,0.9972885519874468,1,0.00024901113132377135,0.9972885519874468,0.0024624368812293735,5.671340064703548e-18
8,100,0,0,0.9999999999128248,0,0.9999999999128248,6.8855258513668405e-12,8.028906410746161e-11,3.479172168322996e-16
8,101,2,2,0.9999980685573585,2,6.848942949949304e-07,1.246548336050773e-06,0.9999980685573585,1.0343126143499864e-14
8,102,0,3,0.9983172049248461,3,1.7680468585516875e-07,4.4528880594098715e-14,0.0016826182704234726,0.9983172049248461
8,103,2,2,0.72905684430438,2,0.018499435094517323,0.1874435480605676,0.72905684430438,0.06500017254053518
8,104,1,1,0.9999999429425911,1,5.988612082424245e-11,0.9999999429425911,1.7343213720608575e-08,3.965430907317393e-08
8,105,3,3,0.9999999999591176,3,2.449373523139455e-19,1.9905375708320723e-18,4.0882373564692214e-11,0.9999999999591176
8,106,0,0,0.8054718790306626,0,0.8054718790306626,0.010626650732064043,0.1839014702347609,2.512272820310202e-12
8,107,2,2,0.9999910920308511,2,8.849394718781575e-06,5.856114936283223e-08,0.9999910920308511,1.328071982003241e-11
8,108,2,1,0.9983038694830111,1,5.228684807234304e-07,0.9983038694830111,0.0016955436841083141,6.396439998220635e-08
8,109,0,0,0.9885692115534084,0,0.9885692115534084,1.2073750397163662e-05,0.01141871435913155,3.3706296299774656e-10
8,110,2,2,0.9999442554839605,2,1.1890066876815265e-08,5.569551052738388e-05,0.9999442554839605,3.7115445209539214e-08
8,111,1,1,0.9999945130925729,1,9.420189103464759e-08,0.9999945130925729,3.803321188411999e-09,5.388902214808043e-06
8,112,3,3,0.9999655724890675,3,4.708031763005917e-07,4.2658676845766834e-11,3.395666509747649e-05,0.9999655724890675
8,113,3,3,0.9999999983386965,3,1.1924910360583251e-09,2.892291265540946e-10,1.7958329016865302e-10,0.9999999983386965
8,114,3,3,0.9999999999997029,3,3.260945243793152e-16,4.522321857264357e-14,2.5152597583487923e-13,0.9999999999997029
8,115,2,2,0.9975887656660366,2,2.1747711783922514e-06,0.0002687451220512335,0.9975887656660366,0.00214031444073385
8,116,0,0,0.9736549561049542,0,0.9736549561049542,0.02631436928109735,3.089921652130302e-08,3.0643714731824e-05
8,117,3,3,0.9999917063917907,3,6.627619052054798e-07,3.0713007280412583e-09,7.627775003334002e-06,0.9999917063917907
8,118,1,1,0.8745865179965113,1,0.0002809855344266295,0.8745865179965113,0.12247217522722446,0.0026603212418374487
8,119,3,2,0.7843377723463201,2,0.0001694298782540578,0.002357026796030832,0.7843377723463201,0.21313577097939518
8,120,1,1,0.9933588443528123,1,9.732944380586082e-08,0.9933588443528123,0.006637283737231995,3.7745805121802464e-06
8,121,0,0,0.9999973194561151,0,0.9999973194561151,9.881634855438645e-11,2.6804424733273185e-06,2.5952536372672484e-12
8,122,2,1,0.8419285033966123,1,5.2511587532261604e-05,0.8419285033966123,0.15801896170231353,2.3313542162689677e-08
8,123,1,1,0.9856774300955228,1,0.014277384662926289,0.9856774300955228,4.315015421336201e-05,2.0350873375567174e-06
8,124,0,1,0.5973827838670539,1,0.4026154398174807,0.5973827838670539,1.7157654848125321e-06,6.054998045956007e-08
8,125,2,2,0.9999737296142286,2,3.7195579131816577e-06,2.2415496862792844e-05,0.9999737296142286,1.3533099539991392e-07
8,126,2,2,0.9999213240314708,2,4.66672131230647e-07,7.820686728901531e-05,0.9999213240314708,2.4291089275093547e-09
8,127,0,2,0.5590313787937027,2,0.44096531477295714,3.2965811120454196e-06,0.5590313787937027,9.852228140356077e-09
8,128,2,2,0.9997582137596668,2,0.00019883321047506718,4.254369333603796e-05,0.9997582137596668,4.0933652208468855e-07
8,129,3,3,0.9999505545943682,3,5.8283953390934636e-09,3.6094882032882178e-06,4.583008903304033e-05,0.9999505545943682
8,130,3,1,0.9369573597325793,1,0.00125020868882455,0.9369573597325793,0.06142903248561751,0.0003633990929787346
8,131,1,1,0.9999215259464521,1,9.028448291907635e-07,0.9999215259464521,7.757059768132085e-05,6.110371610620586e-10
8,132,0,0,0.9985904478557842,0,0.9985904478557842,0.0006083096513256652,0.0008012424571908292,3.5699304375724416e-11
8,133,1,1,0.7836138442988112,1,0.0001745851196256057,0.7836138442988112,0.2156900106238578,0.0005215599577054633
8,134,3,3,0.9999999997845306,3,2.3769444217814585e-16,2.3714228643570637e-13,2.1523211534816172e-10,0.9999999997845306
8,135,1,1,0.9922511749653133,1,1.933715283986336e-11,0.9922511749653133,1.750584917399658e-07,0.00774864995685775
8,136,3,3,0.9999985551581038,3,4.348982156882753e-09,1.4956645054306953e-09,1.4389972494882387e-06,0.9999985551581038
8,137,2,2,0.9867522842434421,2,2.0089934553526858e-05,0.00013297725208855437,0.9867522842434421,0.01309464856991574
8,138,1,1,0.9999999441664587,1,2.697055706958323e-11,0.9999999441664587,5.58065624183728e-08,8.23530037101584e-15
8,139,1,0,0.9076444412384098,0,0.9076444412384098,0.09233521215055049,2.0346590243882594e-05,2.079576461860137e-11
8,140,1,1,0.9896524362251389,1,0.01029105905554209,0.9896524362251389,5.650471161640484e-05,7.702519901349408e-12
8,141,2,2,0.9489888334136374,2,0.00039066187314883697,0.050619742423269096,0.9489888334136374,7.622899448456045e-07
8,142,3,3,0.9998834966886154,3,9.439205192460581e-13,3.990802936068916e-08,0.00011646340241125688,0.9998834966886154
8,143,0,0,0.9999990401941112,0,0.9999990401941112,9.556356056991146e-07,4.274483020436289e-12,4.16600842827078e-09
8,144,1,1,0.6524678116094509,1,0.09784542392723325,0.6524678116094509,0.24968676445696347,6.352366185293332e-12
8,145,3,3,0.9981336774558601,3,6.428283635174396e-12,4.6475459585902814e-14,0.0018663225376651662,0.9981336774558601
8,146,0,0,0.9999337859664955,0,0.9999337859664955,6.549044488691826e-06,5.966498901144928e-05,4.340703314297002e-15
8,147,2,2,0.9999996895957748,2,3.104036992572989e-07,5.25806686543359e-13,0.9999996895957748,3.118157577979643e-16
8,148,2,2,0.9999992445137659,2,4.816532384101682e-09,7.10135983012151e-07,0.9999992445137659,4.0533718936861374e-08
8,149,3,3,0.6032208666017089,3,9.606103117168582e-07,0.36334302999122586,0.033435142796753504,0.6032208666017089
8,150,0,0,0.9999998571674611,0,0.9999998571674611,9.762072823819347e-12,1.4282277692649146e-07,3.7134710568623243e-17
8,151,0,0,0.9999638993053728,0,0.9999638993053728,2.0353554256166428e-05,1.5730126489928964e-05,1.7013881195083478e-08
8,152,2,1,0.9999999872003315,1,3.6060605283889085e-09,0.9999999872003315,7.021453025501501e-09,2.172154842600347e-09
8,153,1,1,0.9999999561298211,1,4.3822783210774304e-08,0.9999999561298211,4.739540450127578e-11,2.935982971254172e-16
8,154,3,3,0.9999999996924995,3,3.074709611796988e-10,2.938827877268303e-14,1.3802039023547324e-17,0.9999999996924995
8,155,3,3,0.9999999964254411,3,5.595661234760644e-11,3.5108830820302584e-09,7.719224527735424e-12,0.9999999964254411
8,156,3,3,0.9999947663791071,3,2.274718264516423e-08,5.071929239137599e-06,1.3894447114090045e-07,0.9999947663791071
8,157,1,1,0.9999819099220164,1,9.811704714746234e-06,0.9999819099220164,8.278373102474339e-06,1.6621999823153634e-13
8,158,0,2,0.999931828192738,2,3.968606074402065e-05,1.5852233407467932e-08,0.999931828192738,2.8469894284516033e-05
8,159,2,2,0.9999957456911103,2,8.576325999023166e-08,4.168082661413869e-06,0.9999957456911103,4.629684304005974e-10
8,160,1,1,0.999842336948375,1,2.4393577002268345e-08,0.999842336948375,4.151901876426862e-09,0.0001576345061461003
8,161,3,3,0.9999982620280962,3,2.2265918870109897e-15,1.628605077940256e-06,1.0936682371279666e-07,0.9999982620280962
8,162,0,0,0.9983244003254357,0,0.9983244003254357,0.0016755980635432851,1.6110196531669222e-09,1.2897947145652169e-15
8,163,3,3,0.9950845261018785,3,5.462337389030129e-10,0.004915173546145289,2.9980574251915506e-07,0.9950845261018785
8,164,2,2,0.9999999986568975,2,1.3428904020868371e-09,8.75062851501494e-14,0.9999999986568975,1.244780681865316e-13
8,165,1,1,0.6982736359525399,1,0.0026577139449999133,0.6982736359525399,6.798066673231447e-05,0.2990006694357279
8,166,3,3,0.9999999977694056,3,2.1448213179205843e-09,8.326186636000351e-11,2.5112969739114815e-12,0.9999999977694056
8,167,3,3,0.9999999986370849,3,2.889391213951131e-15,8.670794242136581e-13,1.3620452218469447e-09,0.9999999986370849
8,168,0,0,0.9999999999926699,0,0.9999999999926699,7.288251145861885e-12,2.7400882338823207e-14,1.4645905439374425e-14
8,169,1,2,0.9601485650383978,2,0.0034995815716083074,0.0024090989874516384,0.9601485650383978,0.03394275440254217
8,170,1,2,0.9051890666107371,2,4.9304398045507775e-06,0.09480580239464348,0.9051890666107371,2.00554814899026e-07
8,171,2,0,0.7682275978582904,0,0.7682275978582904,0.006847892070093617,0.22492420824187667,3.0182973906944485e-07
8,172,3,3,0.9999999999938982,3,6.049154801988982e-16,4.2113087335095255e-12,1.8899413941236398e-12,0.9999999999938982
8,173,1,2,0.8203047679270912,2,5.392881808631337e-05,0.008164223237962325,0.8203047679270912,0.17147708001686018
8,174,0,0,0.9885408109392916,0,0.9885408109392916,0.010608786623161733,0.0008481250484874327,2.2773890591837234e-06
8,175,0,0,0.8970522148695047,0,0.8970522148695047,0.10076892141764385,0.0021788631993772596,5.134741805033137e-10
8,176,3,3,0.9999991801599581,3,8.587079055751628e-12,8.197287260492223e-07,1.0272872555350227e-10,0.9999991801599581
8,177,1,3,0.7521783511675921,3,0.00191147887925381,0.11865942983615596,0.12725074011699813,0.7521783511675921
8,178,0,0,0.9999898468727375,0,0.9999898468727375,1.8981251304220665e-12,1.0153125364525372e-05,1.3726380211082664e-18
8,179,2,2,0.9286892966614257,2,0.07130121017489514,7.465675893394893e-07,0.9286892966614257,8.746596089735444e-06
8,180,1,1,0.9999999210251116,1,2.0577826306854186e-09,0.9999999210251116,7.065953582175001e-08,6.257569996935711e-09
8,181,1,1,0.9999998044094162,1,1.9380214069038125e-07,0.9999998044094162,1.788442954054837e-09,1.672826584540333e-16
8,182,2,2,0.9890684539906035,2,7.764140646609124e-06,0.010923545865715697,0.9890684539906035,2.3600303420823296e-07
8,183,0,2,0.9914546044903922,2,0.002670295132653817,0.005875084262507959,0.9914546044903922,1.611444585892735e-08
8,184,3,3,0.9999986386003346,3,7.79495301785963e-12,8.156102261246045e-08,1.2798308478618429e-06,0.9999986386003346
8,185,2,0,0.989086199717943,0,0.989086199717943,0.01047314357709195,0.00044033528920519715,3.214157595899246e-07
8,186,2,0,0.9999482251926658,0,0.9999482251926658,5.1773846945306883e-05,9.603590070605063e-10,2.9936642340788784e-14
8,187,2,2,0.999998690141658,2,1.1285681303953682e-06,1.6918325531487294e-07,0.999998690141658,1.2106956175988095e-08
8,188,2,1,0.3539948439138218,1,0.2960215444847542,0.3539948439138218,0.07698746649876077,0.2729961451026632
8,189,0,0,0.776926587428344,0,0.776926587428344,8.423356286712222e-10,0.22307341172932038,1.4230057313834513e-19
8,190,1,2,0.9796817907035686,2,0.00016483395327487858,0.020152822609288357,0.9796817907035686,5.527338680962225e-07
8,191,0,1,0.8221489607190956,1,0.0030815035900498503,0.8221489607190956,0.1747695123796275,2.331122700045179e-08
8,192,1,3,0.782515811939405,3,0.00022609078433414472,0.09680749254183349,0.12045060473442738,0.782515811939405
8,193,0,0,0.9999972377810926,0,0.9999972377810926,4.2703450821607696e-11,2.7621722685902517e-06,3.935262313283555e-12
8,194,0,2,0.9680174834447338,2,0.03186143810414793,7.459170168459468e-07,0.9680174834447338,0.0001203325341013686
8,195,2,2,0.9988839709387699,2,0.0005285365414717502,0.0005874918035027682,0.9988839709387699,7.16255516517798e-10
8,196,2,0,0.5822622325651242,0,0.5822622325651242,0.17956456765190937,1.0977719901217355e-05,0.2381622220630653
8,197,1,0,0.6769038110896205,0,0.6769038110896205,0.32306552555038626,6.357398581380101e-07,3.0027620135091396e-05
8,198,2,2,0.9999969761186743,2,3.023212682346498e-06,1.6490427396996871e-15,0.9999969761186743,6.686417117889318e-10
8,199,3,3,0.9999999999999742,3,1.9011815543819725e-14,5.123033017334109e-15,1.5199132400641213e-15,0.9999999999999742
8,200,0,0,0.9999979447154317,0,0.9999979447154317,1.2796965627095367e-11,2.055271139453601e-06,6.31765062326054e-13
8,201,3,3,0.9999775575761515,3,1.3587973960175135e-13,4.099889044156241e-12,2.2442419612809722e-05,0.9999775575761515
8,202,0,3,0.9267111196633241,3,0.0022935405167586595,0.0003053133483798701,0.0706900264715374,0.9267111196633241
8,203,0,1,0.42692620295390576,1,0.10929155219808276,0.42692620295390576,0.4244088237603432,0.039373421087668246
8,204,1,2,0.9285849140901666,2,2.104893597802229e-07,0.07141487411532942,0.9285849140901666,1.305144210683725e-09
8,205,3,3,0.9999978835735936,3,3.843108924503661e-14,2.5486180875554846e-09,2.113877749794298e-06,0.9999978835735936
8,206,2,2,0.9928832591230072,2,0.0005740606921775962,0.0065426801601083185,0.9928832591230072,2.4706766477840273e-11
8,207,1,1,0.927713373227697,1,0.07228652391935723,0.927713373227697,7.877548792689105e-08,2.407745782393808e-08
8,208,3,3,0.9999271053296213,3,2.237974794437181e-10,1.4786615869443567e-13,7.289444643345717e-05,0.9999271053296213
8,209,2,2,0.9714632835706657,2,0.028421851421021837,0.00011486478675130647,0.9714632835706657,2.2156119863963022e-10
8,210,3,3,0.9999749979189849,3,2.4550618750909907e-06,4.082618443824692e-08,2.250619295555232e-05,0.9999749979189849
8,211,2,2,0.9999999953468577,2,4.652960069153714e-09,1.820690068701193e-13,0.9999999953468577,1.7630158570093904e-16
8,212,3,3,0.9999999999900031,3,9.221650724260008e-16,8.953776883523384e-12,1.0421366822863011e-12,0.9999999999900031
8,213,1,1,0.6609785592035141,1,0.05293877654904422,0.6609785592035141,0.28606740051780877,1.5263729632964276e-05
8,214,1,1,0.8774157950756799,1,0.12258300579497189,0.8774157950756799,1.199128979007627e-06,3.691292036334057e-13
8,215,3,3,0.9999999999964013,3,1.3199938213428197e-18,3.521737817685725e-12,7.69220231618907e-14,0.9999999999964013
8,216,0,2,0.9835561891509562,2,0.0164316223811926,1.2182664466750522e-05,0.9835561891509562,5.803384488026953e-09
8,217,1,1,0.9999996854243439,1,3.0033743009241293e-07,0.9999996854243439,1.4238199061462915e-08,2.6912761310263157e-14
8,218,1,1,0.9984851716059294,1,3.530423767860397e-10,0.9984851716059294,1.8020098088691035e-09,0.0015148262390183357
8,219,1,1,0.8604531039954473,1,4.682705083393412e-05,0.8604531039954473,0.13949533426102173,4.734692697042834e-06
8,220,2,2,0.5029487373879029,2,1.086460462602503e-10,0.49705126250271275,0.5029487373879029,7.383735937025198e-13
8,221,3,3,0.9999999999771745,3,3.277180143524645e-17,1.456416953223276e-15,2.282392626234491e-11,0.9999999999771745
8,222,0,0,0.9999971713145205,0,0.9999971713145205,1.2891304323578762e-08,2.794555300820837e-06,2.123887437091475e-08
8,223,3,3,0.9996415559110979,3,0.00012649845658245807,0.0001579072477335358,7.403838458597113e-05,0.9996415559110979
8,224,0,0,0.997540359570802,0,0.997540359570802,1.020043987651379e-06,0.0024586203800690356,5.141330770211605e-12
8,225,2,2,0.9999916235456038,2,8.336564237494664e-06,5.315254581701827e-10,0.9999916235456038,3.935863323513325e-08
8,226,0,2,0.9567562912371352,2,8.516474628080154e-06,4.21352561478216e-07,0.9567562912371352,0.04323477093567515
8,227,3,3,0.9999999999999787,3,1.8433374047785135e-17,3.07174171844187e-20,2.1377250839434452e-14,0.9999999999999787
8,228,0,0,0.999062152708859,0,0.999062152708859,1.7857993012878907e-07,0.00093766871121085,4.0787714323113695e-17
8,229,2,2,0.9999999420776455,2,5.3193673518595364e-08,3.4969658712683204e-10,0.9999999420776455,4.378984272737896e-09
8,230,0,3,0.9996713023374143,3,1.9806989424052876e-09,4.202331967255493e-05,0.00028667236221426484,0.9996713023374143
8,231,1,1,0.9999999935752426,1,1.4384268932924638e-09,0.9999999935752426,4.659692573251112e-09,3.266377313256408e-10
8,232,2,0,0.9503320288026235,0,0.9503320288026235,5.726343134334102e-07,0.04966734551188963,5.3051173312884364e-08
8,233,2,0,0.9472015468906915,0,0.9472015468906915,0.0007175042077618081,0.0520809444846509,4.416895968940989e-09
8,234,3,3,0.9999999999013096,3,9.128108676804077e-11,7.271572529994463e-12,1.3771724029953408e-13,0.9999999999013096
8,235,0,0,0.9831873692370002,0,0.9831873692370002,3.25664688476882e-05,0.016780064294152,2.6719191598493108e-20
8,236,1,1,0.9999989435605686,1,1.584814435254412e-08,0.9999989435605686,1.0354984594601861e-06,5.092827710604179e-09
8,237,3,3,0.6739411952094075,3,5.5058384523542e-07,0.13062695957163156,0.19543129463511566,0.6739411952094075
8,238,1,1,0.4738492766149294,1,0.38802773472946617,0.4738492766149294,0.011138711917038364,0.12698427673856602
8,239,2,2,0.9998105785769718,2,0.00018938878532480692,3.26377034125693e-08,0.9998105785769718,5.742235286709938e-17
8,240,2,2,0.9999997006741278,2,2.991410848484289e-07,1.8478735693307603e-10,0.9999997006741278,5.268940246275724e-19
8,241,0,1,0.5673988569321989,1,0.3741126232624593,0.5673988569321989,0.0584885197852992,2.0042668090418853e-11
8,242,3,3,0.9999912822113599,3,1.6440338927545636e-07,6.996977605015813e-11,8.553315281090581e-06,0.9999912822113599
8,243,1,1,0.999878362898505,1,7.374967538079234e-06,0.999878362898505,3.1683269507335065e-08,0.00011423045068754433
8,244,3,3,0.9999999896788171,3,3.118399317442555e-13,1.0268372414801481e-08,5.249855499601189e-11,0.9999999896788171
8,245,0,0,0.9999945759377519,0,0.9999945759377519,1.8729238395229436e-08,5.4041660721568455e-06,1.1669375427952508e-09
8,246,0,0,0.9361263811974464,0,0.9361263811974464,0.033393226118830825,0.03048039266920637,1.4516507929199492e-11
8,247,2,3,0.999999998646431,3,7.699405495091075e-21,1.3527883396976528e-09,7.805988141433507e-13,0.999999998646431
8,248,2,2,0.9999999945748856,2,4.987194269672308e-09,4.261739621598679e-17,0.9999999945748856,4.379198369975272e-10
8,249,1,1,0.775045189841036,1,1.4127616150811649e-07,0.775045189841036,0.22495466861225102,2.705514836314556e-10
8,250,3,2,0.6262089090996602,2,0.24107938110476695,0.12736398435291155,0.6262089090996602,0.00534772544266123
8,251,1,1,0.7630740910085377,1,0.015041177148013002,0.7630740910085377,0.22188459061449878,1.4122895039702722e-07
8,252,1,1,0.9770527422231233,1,0.022810224677250038,0.9770527422231233,0.00013703148974163372,1.6098849062658908e-09
8,253,0,1,0.9935689901377248,1,0.0032024395612969413,0.9935689901377248,0.002397805721445024,0.0008307645795333964
8,254,1,1,0.9929394959151862,1,0.006815875678199576,0.9929394959151862,0.00024006470293474528,4.5637036794078925e-06
8,255,3,3,0.9999982517764195,3,9.00167075352435e-11,1.7481126024134696e-06,2.096133654607061e-11,0.9999982517764195
8,256,3,3,0.9991833605499266,3,7.861310842455086e-06,2.5503806529091436e-09,0.0008087755888501875,0.9991833605499266
8,257,1,1,0.9999999640574759,1,3.1051295899487833e-12,0.9999999640574759,3.59386744515258e-08,7.444704428479755e-13
8,258,1,0,0.7384527863391178,0,0.7384527863391178,0.2613831471403841,0.00016406652049820827,1.401732799968687e-19
8,259,1,3,0.9999998285031798,3,1.714134399808623e-07,7.504344631410348e-16,8.337937736980753e-11,0.9999998285031798
8,260,1,1,0.992027442471534,1,0.00797214866592476,0.992027442471534,1.406829757150782e-07,2.681795657396636e-07
8,261,3,3,0.5853373703977253,3,0.37690852376600376,0.03179668677918497,0.0059574190570859265,0.5853373703977253
8,262,3,3,0.997024221152199,3,1.2966654722582975e-07,2.1131226758781307e-07,0.0029754378689861513,0.997024221152199
8,263,2,0,0.8635003031827833,0,0.8635003031827833,0.13640118332091794,9.851344017395556e-05,5.612486335524657e-11
8,264,3,3,0.9797263587302293,3,0.001773593528437228,0.004912336117299455,0.013587711624034077,0.9797263587302293
8,265,0,0,0.9985838937084122,0,0.9985838937084122,1.6753827745279353e-07,0.0013197204207652236,9.621833254512309e-05
8,266,1,1,0.9999968016461919,1,8.661267754463429e-08,0.9999968016461919,3.1107091227727824e-06,1.0320077644569041e-09
8,267,2,0,0.9497283787412204,0,0.9497283787412204,1.8050766657137107e-12,0.0502707630589326,8.581980417806183e-07
8,268,1,2,0.9240573575308458,2,0.075905144446822,3.749802232226218e-05,0.9240573575308458,9.78921394884524e-15
8,269,0,0,0.725266026052479,0,0.725266026052479,1.4943596939452045e-07,0.27473352175718985,3.0275436149222924e-07
8,270,3,3,0.999999277715032,3,4.1991952913792424e-11,7.222429716164291e-07,4.2748567466881355e-15,0.999999277715032
8,271,0,0,0.9956386070879997,0,0.9956386070879997,2.415283182195438e-09,0.004361390496666986,5.017447707414821e-14
8,272,3,3,0.7103498629714214,3,2.084119237072753e-05,2.380661450313476e-10,0.2896292955981416,0.7103498629714214
8,273,0,0,0.9809779438876749,0,0.9809779438876749,0.0009753203125163172,0.018046735729003772,7.080515413482005e-11
8,274,0,0,0.8225381090298868,0,0.8225381090298868,0.16709088485694235,0.0005357026916344569,0.009835303421536403
8,275,0,0,0.9915254584157844,0,0.9915254584157844,2.620646738746518e-10,0.008474541123540706,1.9861034639137576e-10
8,276,0,3,0.9961885575541837,3,0.0001179956064698735,0.003690730617397381,2.7162219489921288e-06,0.9961885575541837
8,277,2,0,0.845199824376807,0,0.845199824376807,0.0005124677806936641,0.1542532587778711,3.444906462830398e-05
8,278,2,2,0.999240436668267,2,0.0007572036034715744,2.0634771158626288e-08,0.999240436668267,2.3390934901235335e-06
8,279,3,3,0.9583885359536234,3,4.658087164429192e-05,0.0002629956943997565,0.041301887480332436,0.9583885359536234
8,280,1,1,0.9999960731894575,1,3.794866249131195e-06,0.9999960731894575,1.319442357071085e-07,5.762269946545966e-14
8,281,2,1,0.9641433537136894,1,0.0358565714648825,0.9641433537136894,7.482142807015497e-08,1.5528125442322357e-23
8,282,2,2,0.997893393624544,2,0.002106603262699405,1.1061830595435293e-09,0.997893393624544,2.006573493664539e-09
8,283,2,2,0.9999567120905347,2,4.3287909433599324e-05,3.0257540407014093e-14,0.9999567120905347,1.3465189375199574e-15
8,284,3,3,0.6814527277187338,3,9.364014218248812e-05,0.3092194787963179,0.009234153342765882,0.6814527277187338
8,285,2,0,0.9984144850683317,0,0.9984144850683317,0.00029776876073033236,0.001287746169509119,1.428842577380291e-12
8,286,0,0,0.9997973115747928,0,0.9997973115747928,0.00019667716758766125,6.011255152429632e-06,2.467085249009489e-12
8,287,2,2,0.9942347085811541,2,0.000760361281309806,0.0019596942063323975,0.9942347085811541,0.0030452359312036566
